2SXPS_ID,name,ra,dec,e_pos,AstromType,l,b,MeanOffAxisAngle,OrigErr90,NearestNeighbour,NearestOKNeighbour,Exposure,FirstObsDate,LastObsDate,FirstObsMET,LastObsMET,FirstDetDate,LastDetDate,FirstDetMET,LastDetMET,FirstBlindDetDate,LastBlindDetDate,FirstBlindDetMET,LastBlindDetMET,NumObs,NumBlindDetObs,NumDetObs,BestDetectionID,NonBlindDet_band0,NonBlindDet_band1,NonBlindDet_band2,NonBlindDet_band3,DetFlag,FieldFlag,DetFlag_band0,DetFlag_band1,DetFlag_band2,DetFlag_band3,OpticalLoadingWarning,StrayLightWarning,NearBrightSourceWarning,IsPotentialAlias,PotentialAliasList,Rate_band0,Rate_band0_pos,Rate_band0_neg,HR1,HR1_pos,HR1_neg,HR2,HR2_pos,HR2_neg,Rate_band1,Rate_band1_pos,Rate_band1_neg,Rate_band2,Rate_band2_pos,Rate_band2_neg,Rate_band3,Rate_band3_pos,Rate_band3_neg,Counts_band0,Counts_band1,Counts_band2,Counts_band3,BgCounts_band0,BgCounts_band1,BgCounts_band2,BgCounts_band3,RateCF_band0,RateCF_band1,RateCF_band2,RateCF_band3,UL_band0,UL_band1,UL_band2,UL_band3,PeakRate_band0,PeakRate_band0_pos,PeakRate_band0_neg,PeakRate_band1,PeakRate_band1_pos,PeakRate_band1_neg,PeakRate_band2,PeakRate_band2_pos,PeakRate_band2_neg,PeakRate_band3,PeakRate_band3_pos,PeakRate_band3_neg,GalacticNH,PvarPchiSnapshot_band0,PvarPchiSnapshot_band1,PvarPchiSnapshot_band2,PvarPchiSnapshot_band3,PvarPchiSnapshot_HR1,PvarPchiSnapshot_HR2,PvarPchiObsID_band0,PvarPchiObsID_band1,PvarPchiObsID_band2,PvarPchiObsID_band3,PvarPchiObsID_HR1,PvarPchiObsID_HR2,WhichPow,WhichAPEC,PowECFO,PowECFU,PowFlux,PowFlux_pos,PowFlux_neg,PowUnabsFlux,PowUnabsFlux_pos,PowUnabsFlux_neg,APECECFO,APECECFU,APECFlux,APECFlux_pos,APECFlux_neg,APECUnabsFlux,APECUnabsFlux_pos,APECUnabsFlux_neg,PowPeakFlux,PowPeakFlux_pos,PowPeakFlux_neg,PowPeakUnabsFlux,PowPeakUnabsFlux_pos,PowPeakUnabsFlux_neg,APECPeakFlux,APECPeakFlux_pos,APECPeakFlux_neg,APECPeakUnabsFlux,APECPeakUnabsFlux_pos,APECPeakUnabsFlux_neg,FixedPowECFO,FixedPowECFU,FixedPowFlux,FixedPowFlux_pos,FixedPowFlux_neg,FixedPowUnabsFlux,FixedPowUnabsFlux_pos,FixedPowUnabsFlux_neg,FixedAPECECFO,FixedAPECECFU,FixedAPECFlux,FixedAPECFlux_pos,FixedAPECFlux_neg,FixedAPECUnabsFlux,FixedAPECUnabsFlux_pos,FixedAPECUnabsFlux_neg,InterpPowECFO,InterpPowECFU,InterpPowNH,InterpPowNH_pos,InterpPowNH_neg,InterpPowGamma,InterpPowGamma_pos,InterpPowGamma_neg,InterpPowFlux,InterpPowFlux_pos,InterpPowFlux_neg,InterpPowUnabsFlux,InterpPowUnabsFlux_pos,InterpPowUnabsFlux_neg,InterpAPECECFO,InterpAPECECFU,InterpAPECNH,InterpAPECNH_pos,InterpAPECNH_neg,InterpAPECkT,InterpAPECkT_pos,InterpAPECkT_neg,InterpAPECFlux,InterpAPECFlux_pos,InterpAPECFlux_neg,InterpAPECUnabsFlux,InterpAPECUnabsFlux_pos,InterpAPECUnabsFlux_neg,P_pow,P_APEC,FittedPowECFO,FittedPowECFU,FittedPowNH,FittedPowNH_pos,FittedPowNH_neg,FittedPowGamma,FittedPowGamma_pos,FittedPowGamma_neg,FittedPowFlux,FittedPowFlux_pos,FittedPowFlux_neg,FittedPowUnabsFlux,FittedPowUnabsFlux_pos,FittedPowUnabsFlux_neg,FittedPowCstat,FittedPowDOF,FittedPowReducedChi2,FittedAPECECFO,FittedAPECECFU,FittedAPECNH,FittedAPECNH_pos,FittedAPECNH_neg,FittedAPECkT,FittedAPECkT_pos,FittedAPECkT_neg,FittedAPECFlux,FittedAPECFlux_pos,FittedAPECFlux_neg,FittedAPECUnabsFlux,FittedAPECUnabsFlux_pos,FittedAPECUnabsFlux_neg,FittedAPECCstat,FittedAPECDOF,FittedAPECReducedChi2,HasSpec,NumExternalMatches,NumExternalMatches_slim,MatchInROSHRI,MatchIn2RXS,MatchIn3XMMDR8,MatchIn3XMM_Stack,MatchInXMMSL2,MatchInSwiftFT,MatchIn1SWXRT,MatchInXRTGRB,MatchInSDSSQSO,MatchIn2MASS,MatchInUSNOB1,MatchIn2CSC,MatchIn1SXPS,MatchInALLWISE,field,catalog,flux,cat
1480,2SXPS J033217.2-275215,53.07208,-27.87109,4.3,0,223.66992,-54.4857,2.98,5.2,58.16,58.16,546130,2007-07-07 16:59:14,2017-08-19 05:02:54,205520356,524811794,2007-07-07 16:59:14,2017-08-19 05:02:54,205520356,524811794,2007-07-07 16:59:14,2017-08-19 05:02:54,205520356,524811794,83,2,2,3257873,1,0,0,1,0,0,0,-1,-1,0,0.0,0,0,0,,8.868e-05,3.732e-05,-3.732e-05,-0.075,0.4713,-0.9248,0.909,0.091,-0.0153,0.0,7.268e-06,0.0,0.0,6.761e-06,0.0,6.131e-05,2.915e-05,-2.915e-05,145,30.0,25.0,90.0,107.0,43.8,37.9,63.9,1.35,1.35,1.35,1.35,0.000179,3.189e-05,2.986e-05,0.0001326,0.003878,0.002978,-0.002004,0.0,7.268e-06,0.0,0.0,6.761e-06,0.0,0.003927,0.002978,-0.002005,9.45e+19,0.759,0.0,0.733,0.845,,,0.985,0.985,0.985,0.985,0.367,1.0,0.0,0.0,4.251e-11,4.328e-11,3.77e-15,1.5865e-15,-1.5865e-15,3.838e-15,1.6153e-15,-1.6153e-15,2.252e-11,2.318e-11,1.997e-15,8.4046e-16,-8.4046e-16,2.056e-15,8.6524e-16,-8.6524e-16,1.6488e-13,1.2659e-13,-8.518e-14,1.6787e-13,1.2889e-13,-8.6724e-14,8.7346e-14,6.706e-14,-4.5124e-14,8.9922e-14,6.9039e-14,-4.6455e-14,4.251e-11,4.328e-11,3.77e-15,1.5865e-15,-1.5865e-15,3.838e-15,1.6153e-15,-1.6153e-15,2.252e-11,2.318e-11,1.997e-15,8.4046e-16,-8.4046e-16,2.056e-15,8.6524e-16,-8.6524e-16,,,,,,,,,,,,,,,,,,,,,,,,,,,,,0.0,0.64,,,,,,,,,,,,,,,,,,,,,,,,,,,,,,,,,,,0,6,5,0,0,1,1,0,1,0,0,0,0,1,1,1,0,ECDFS,2SXPS,3.77e-15,2SXPS
1857,2SXPS J033242.1-275207,53.17561,-27.86884,4.2,0,223.68927,-54.39485,4.74,4.9,57.31,57.31,488928,2007-07-07 16:59:14,2017-08-19 05:02:54,205520356,524811794,2007-07-07 16:59:14,2017-08-19 05:02:54,205520356,524811794,2007-07-07 16:59:14,2017-08-19 05:02:54,205520356,524811794,84,2,2,3249257,1,0,0,0,0,0,0,-1,-1,-1,0.0,0,0,0,,8.176e-05,4.167e-05,-4.167e-05,0.276,0.394,-0.4232,0.053,0.3627,-0.3008,0.0,1.371e-05,0.0,1.067e-05,2.297e-05,-1.067e-05,0.0,1.999e-05,0.0,137,38.0,39.0,60.0,106.0,42.9,35.0,62.2,1.53,1.53,1.53,1.53,0.0001771,5.064e-05,6.735e-05,6.697e-05,8.327e-05,3.169e-05,-2.994e-05,0.0,1.371e-05,0.0,1.067e-05,2.297e-05,-1.067e-05,0.0,1.999e-05,0.0,9.43e+19,0.996,0.239,0.0775,0.956,,,0.341,0.341,0.341,0.341,0.289,1.0,1.0,1.0,5.48e-11,5.704e-11,4.481e-15,2.2833e-15,-2.2833e-15,4.664e-15,2.3767e-15,-2.3767e-15,5.4e-11,5.546e-11,4.415e-15,2.2499e-15,-2.2499e-15,4.534e-15,2.3106e-15,-2.3106e-15,4.563e-15,1.7365e-15,-1.641e-15,4.7495e-15,1.8075e-15,-1.7079e-15,4.4962e-15,1.711e-15,-1.6167e-15,4.6176e-15,1.7573e-15,-1.6604e-15,4.251e-11,4.328e-11,3.476e-15,1.7713e-15,-1.7713e-15,3.539e-15,1.8034e-15,-1.8034e-15,2.252e-11,2.318e-11,1.841e-15,9.3837e-16,-9.3837e-16,1.896e-15,9.6599e-16,-9.6599e-16,5.48e-11,5.704e-11,4.751e+20,6.0081e+21,1.0,1.305,0.83388,1.0,4.481e-15,2.2833e-15,-2.2833e-15,4.664e-15,2.3767e-15,-2.3767e-15,5.4e-11,5.546e-11,3.223e+20,5.1267e+21,1.0,44.69,-1.0,1.0,4.415e-15,2.2499e-15,-2.2499e-15,4.534e-15,2.3106e-15,-2.3106e-15,1.0,1.0,,,,,,,,,,,,,,,,,,,,,,,,,,,,,,,,,,,0,5,5,0,0,1,1,0,1,0,0,0,0,0,1,1,0,ECDFS,2SXPS,4.481e-15,2SXPS
5172,2SXPS J033139.8-274742,52.91603,-27.79517,4.0,0,223.50536,-54.611,11.28,4.6,46.61,46.61,302058,2007-07-07 16:59:14,2017-08-19 05:02:54,205520356,524811794,2007-07-07 16:59:14,2017-08-19 05:02:54,205520356,524811794,2007-07-07 16:59:14,2017-08-19 05:02:54,205520356,524811794,70,3,4,3249238,1,0,0,0,0,0,0,-1,0,-1,0.0,0,0,0,,0.0004293,0.0001226,-0.0001226,-0.106,0.1176,-0.1215,-0.054,0.1393,-0.1285,0.0001264,7.858e-05,-7.858e-05,0.0001221,6.864e-05,-6.864e-05,0.0,5.436e-05,0.0,136,53.0,42.0,42.0,84.0,37.7,27.2,43.3,4.52,4.52,4.52,4.52,0.0007403,0.0003195,0.0002972,0.0001812,0.008034,0.00437,-0.003318,0.009017,0.004632,-0.00359,0.0004841,0.0003061,-0.000226,0.0,5.436e-05,0.0,9.5e+19,0.45,1.0,0.602,0.0,1.0,1.0,0.0725,0.365,0.365,0.365,1.0,1.0,2.0,2.0,2.308e-11,2.316e-11,9.907e-15,2.8283e-15,-2.8283e-15,9.941e-15,2.8381e-15,-2.8381e-15,5.058e-11,4.966e-11,2.171e-14,6.1991e-15,-6.1991e-15,2.132e-14,6.0874e-15,-6.0874e-15,1.8538e-13,1.0083e-13,-7.656e-14,1.8602e-13,1.0118e-13,-7.6821e-14,4.0632e-13,2.21e-13,-1.6779e-13,3.99e-13,2.1702e-13,-1.6477e-13,4.251e-11,4.329e-11,1.825e-14,5.2108e-15,-5.2108e-15,1.858e-14,5.3056e-15,-5.3056e-15,2.252e-11,2.319e-11,9.668e-15,2.7603e-15,-2.7603e-15,9.955e-15,2.8421e-15,-2.8421e-15,,,,,,,,,,,,,,,,,,,,,,,,,,,,,0.16,0.0,2.308e-11,2.316e-11,1771000000000000.0,1.6468e+21,-1771100000000000.0,3.157,2.079,-1.0997,9.907e-15,2.8283e-15,-2.8283e-15,9.941e-15,2.8381e-15,-2.8381e-15,6.4,6.0,111.44,5.058e-11,4.966e-11,43670000000000.0,1.5758e+21,-43670000000000.0,7.976,-7.976,-6.3526,2.171e-14,6.1991e-15,-6.1991e-15,2.132e-14,6.0874e-15,-6.0874e-15,11.9,6.0,112.51,0,5,4,0,0,1,1,0,0,0,0,0,0,1,1,1,0,ECDFS,2SXPS,9.907e-15,2SXPS
17267,2SXPS J033133.7-274820,52.89071,-27.80558,4.9,0,223.51744,-54.63468,11.02,6.3,38.68,88.91,134534,2007-07-07 16:59:14,2017-08-19 05:02:54,205520356,524811794,2007-07-07 16:59:14,2017-08-19 05:02:54,205520356,524811794,2007-07-07 16:59:14,2017-08-19 05:02:54,205520356,524811794,46,2,2,3249287,0,0,0,0,0,0,0,-1,-1,-1,0.0,0,0,0,,0.001174,0.0006385,-0.0006385,-0.107,0.1708,-0.1618,0.105,0.1757,-0.162,0.000214,0.0003989,-0.000214,0.0001887,0.0003551,-0.0001887,0.0,0.0003219,0.0,56,20.0,16.0,20.0,38.2,16.7,13.1,20.6,31.4,31.4,31.4,31.4,0.002749,0.001279,0.001168,0.001091,0.001174,0.0006385,-0.0006385,0.000214,0.0003989,-0.000214,0.0001887,0.0003551,-0.0001887,0.0,0.0003219,0.0,9.5e+19,1.0,1.0,1.0,0.00205,,,0.247,0.247,0.247,0.247,1.0,1.0,0.0,0.0,4.251e-11,4.329e-11,4.991e-14,2.7142e-14,-2.7142e-14,5.082e-14,2.7636e-14,-2.7636e-14,2.252e-11,2.319e-11,2.644e-14,1.4378e-14,-1.4378e-14,2.722e-14,1.4804e-14,-1.4804e-14,4.991e-14,2.7142e-14,-2.714e-14,5.0819e-14,2.7636e-14,-2.7636e-14,2.6439e-14,1.438e-14,-1.4378e-14,2.7222e-14,1.4804e-14,-1.4804e-14,4.251e-11,4.329e-11,4.991e-14,2.7142e-14,-2.7142e-14,5.082e-14,2.7636e-14,-2.7636e-14,2.252e-11,2.319e-11,2.644e-14,1.4378e-14,-1.4378e-14,2.722e-14,1.4804e-14,-1.4804e-14,,,,,,,,,,,,,,,,,,,,,,,,,,,,,0.06,0.02,,,,,,,,,,,,,,,,,,,,,,,,,,,,,,,,,,,0,5,4,0,0,1,1,0,0,0,0,0,0,0,1,1,1,ECDFS,2SXPS,4.991e-14,2SXPS
53244,2SXPS J033208.3-273726,53.03487,-27.62398,4.1,0,223.24086,-54.48124,11.39,4.8,45.91,45.91,43206,2007-07-07 16:59:14,2017-08-19 05:02:54,205520356,524811794,2007-07-07 16:59:14,2017-08-19 05:02:54,205520356,524811794,2007-07-07 16:59:14,2017-08-19 05:02:54,205520356,524811794,34,3,6,3249237,1,0,0,1,0,0,0,-1,-1,0,0.0,0,0,0,,0.01488,0.002641,-0.002641,0.237,0.2546,-0.2188,0.705,0.086,-0.0808,0.0,0.0006747,0.0,0.001131,0.0009876,-0.0009876,0.01196,0.002134,-0.002134,76,6.0,10.0,60.0,20.6,7.42,5.49,12.3,97.9,94.7,94.7,94.7,0.02265,0.002614,0.004225,0.01849,0.01488,0.002641,-0.002641,0.0,0.0006747,0.0,0.001131,0.0009876,-0.0009876,0.01196,0.002134,-0.002134,9.51e+19,0.166,1.0,1.0,0.198,0.989,0.982,0.00216,0.00223,0.00223,0.00223,0.398,0.983,0.0,0.0,4.251e-11,4.329e-11,6.326e-13,1.1226e-13,-1.1226e-13,6.441e-13,1.143e-13,-1.143e-13,2.252e-11,2.319e-11,3.351e-13,5.9466e-14,-5.9466e-14,3.45e-13,6.1228e-14,-6.1228e-14,6.326e-13,1.1226e-13,-1.123e-13,6.4413e-13,1.143e-13,-1.143e-13,3.351e-13,5.947e-14,-5.9466e-14,3.4504e-13,6.1228e-14,-6.1228e-14,4.251e-11,4.329e-11,6.326e-13,1.1226e-13,-1.1226e-13,6.441e-13,1.143e-13,-1.143e-13,2.252e-11,2.319e-11,3.351e-13,5.9466e-14,-5.9466e-14,3.45e-13,6.1228e-14,-6.1228e-14,,,,,,,,,,,,,,,,,,,,,,,,,,,,,0.01,0.0,,,,,,,,,,,,,,,,,,,,,,,,,,,,,,,,,,,0,1,1,0,0,0,0,0,0,0,0,0,0,0,0,1,0,ECDFS,2SXPS,6.326e-13,2SXPS
101060,2SXPS J033220.4-274442,53.08508,-27.74507,4.7,0,223.4584,-54.45562,4.91,6.0,84.93,84.93,499429,2007-07-07 16:59:14,2017-08-19 05:02:54,205520356,524811794,2007-07-07 16:59:14,2017-08-19 05:02:54,205520356,524811794,2007-12-09 02:09:22,2007-12-09 23:17:55,218858964,218935078,83,1,3,2541047,0,0,0,0,1,0,1,-1,-1,-1,0.0,0,0,0,,0.0,2.079e-05,0.0,-0.57,0.0014,-0.4303,,,,0.0,1.042e-05,0.0,0.0,4.198e-06,0.0,0.0,1.947e-05,0.0,116,39.0,12.0,65.0,126.0,50.0,40.8,68.4,1.51,1.51,1.51,1.51,7.68e-05,4.314e-05,2.072e-05,6.663e-05,0.002775,0.002166,-0.001459,0.0009357,0.001506,-0.000737,0.0,4.198e-06,0.0,0.001913,0.001869,-0.001145,0.0,0.0207,1.63e-07,1.0,0.87,,,0.999,0.999,0.999,0.999,,,,,,,,,,,,,,,,,,,,,,,,,,,,,,,,,,,,,,,,,,,,,,,,,,,,,,,,,,,,,,,,,,,,,,,,,,,,,,,,,,,,,,,,,,,,,,,,,,,,,,,,,,,,,,,,,0,2,1,0,0,0,0,0,0,0,0,0,0,0,1,0,1,ECDFS,2SXPS,,2SXPS
101989,2SXPS J033241.9-274114,53.17463,-27.68725,4.6,0,223.38075,-54.36853,9.67,5.7,87.19,87.19,318002,2007-07-07 16:59:14,2017-08-19 05:02:54,205520356,524811794,2007-07-07 16:59:14,2017-08-19 05:02:54,205520356,524811794,2007-12-16 05:52:41,2007-12-17 23:59:56,219477164,219628798,83,1,3,2541508,0,0,0,0,1,0,-1,-1,-1,1,0.0,0,0,0,,0.0,2.809e-05,0.0,0.137,0.8625,-0.3148,0.811,0.1895,-0.0553,0.0,1.005e-05,0.0,0.0,1.105e-05,0.0,3.269e-06,6.423e-05,-3.269e-06,99,18.0,16.0,65.0,121.0,45.4,34.3,64.4,3.13,3.13,3.13,3.15,0.0001189,4.888e-05,5.24e-05,0.0001578,0.0422,0.04016,-0.02456,0.0,1.005e-05,0.0,0.02136,0.03248,-0.01584,0.02086,0.03246,-0.01582,9.47e+19,0.00823,1.0,1.0,1.0,,,1.19e-09,1.19e-09,1.19e-09,0.0103,,,0.0,0.0,4.251e-11,4.328e-11,0.0,1.194e-15,0.0,0.0,1.2157e-15,0.0,2.252e-11,2.319e-11,0.0,6.3253e-16,0.0,0.0,6.5121e-16,0.0,1.7938e-12,1.7074e-12,-1.044e-12,1.8264e-12,1.7384e-12,-1.0631e-12,9.5027e-13,9.045e-13,-5.5311e-13,9.7833e-13,9.3117e-13,-5.6944e-13,4.251e-11,4.328e-11,0.0,1.194e-15,0.0,0.0,1.2157e-15,0.0,2.252e-11,2.319e-11,0.0,6.3253e-16,0.0,0.0,6.5121e-16,0.0,,,,,,,,,,,,,,,,,,,,,,,,,,,,,0.05,0.06,,,,,,,,,,,,,,,,,,,,,,,,,,,,,,,,,,,0,1,0,0,0,0,0,0,0,0,0,0,0,1,0,0,0,ECDFS,2SXPS,0.0,2SXPS
156462,2SXPS J033331.5-275417,53.38128,-27.90489,5.1,0,223.79636,-54.22037,10.96,6.6,146.99,146.99,4759,2007-07-07 16:59:14,2017-08-19 05:02:54,205520356,524811794,2007-07-07 16:59:14,2017-08-19 05:02:54,205520356,524811794,2007-07-07 16:59:14,2017-08-19 05:02:54,205520356,524811794,11,2,3,3257956,1,1,1,0,0,0,0,-1,-1,-1,0.0,0,0,0,,0.02108,0.007053,-0.007053,-0.084,0.2645,-0.3047,-0.104,0.2695,-0.3524,0.008175,0.004509,-0.004509,0.007364,0.004001,-0.004001,0.005437,0.003684,-0.003684,15,6.0,5.0,4.0,2.5,1.15,0.633,0.775,24.4,24.4,24.4,24.4,0.04586,0.02597,0.02428,0.02113,0.02108,0.007053,-0.007053,0.008175,0.004509,-0.004509,0.007364,0.004001,-0.004001,0.005437,0.003684,-0.003684,9.08e+19,0.614,0.723,0.951,0.271,,,0.906,0.906,0.906,0.906,,,0.0,0.0,4.251e-11,4.325e-11,8.959e-13,2.9981e-13,-2.9981e-13,9.115e-13,3.0504e-13,-3.0504e-13,2.253e-11,2.317e-11,4.748e-13,1.5888e-13,-1.5888e-13,4.882e-13,1.6338e-13,-1.6338e-13,8.9589e-13,2.9981e-13,-2.998e-13,9.1154e-13,3.0504e-13,-3.0504e-13,4.7476e-13,1.589e-13,-1.5888e-13,4.8823e-13,1.6338e-13,-1.6338e-13,4.251e-11,4.325e-11,8.959e-13,2.9981e-13,-2.9981e-13,9.115e-13,3.0504e-13,-3.0504e-13,2.253e-11,2.317e-11,4.748e-13,1.5888e-13,-1.5888e-13,4.882e-13,1.6338e-13,-1.6338e-13,,,,,,,,,,,,,,,,,,,,,,,,,,,,,0.83,0.48,,,,,,,,,,,,,,,,,,,,,,,,,,,,,,,,,,,0,5,2,0,0,1,0,0,0,0,0,0,0,1,1,0,1,ECDFS,2SXPS,8.959e-13,2SXPS
159333,2SXPS J033304.1-281344,53.26746,-28.22902,4.6,0,224.32128,-54.3663,1.44,5.6,161.42,161.42,4437,2007-07-07 16:59:14,2017-08-19 05:02:54,205520356,524811794,2007-07-07 16:59:14,2017-08-19 05:02:54,205520356,524811794,2007-07-07 16:59:14,2017-08-19 05:02:54,205520356,524811794,7,3,5,3249294,1,1,1,1,0,0,0,-1,0,-1,0.0,0,0,0,,0.01271,0.003691,-0.003691,0.085,0.2737,-0.3026,-0.092,0.2718,-0.2961,0.003839,0.002009,-0.002009,0.004887,0.002146,-0.002146,0.003578,0.002064,-0.002064,16,5.0,6.0,5.0,1.57,0.513,0.288,0.818,10.5,10.4,10.4,10.4,0.02598,0.01244,0.01399,0.0121,0.01271,0.003691,-0.003691,0.003839,0.002009,-0.002009,0.004887,0.002146,-0.002146,0.003578,0.002064,-0.002064,9.38e+19,0.0845,0.202,0.105,0.293,0.0577,1.0,1.04e-09,9.43e-09,9.43e-09,9.43e-09,0.0621,1.0,0.0,0.0,4.251e-11,4.328e-11,5.403e-13,1.5691e-13,-1.5691e-13,5.501e-13,1.5974e-13,-1.5974e-13,2.252e-11,2.318e-11,2.863e-13,8.3131e-14,-8.3131e-14,2.946e-13,8.5565e-14,-8.5565e-14,5.4033e-13,1.5691e-13,-1.569e-13,5.5006e-13,1.5974e-13,-1.5974e-13,2.8626e-13,8.313e-14,-8.3131e-14,2.9464e-13,8.5565e-14,-8.5565e-14,4.251e-11,4.328e-11,5.403e-13,1.5691e-13,-1.5691e-13,5.501e-13,1.5974e-13,-1.5974e-13,2.252e-11,2.318e-11,2.863e-13,8.3131e-14,-8.3131e-14,2.946e-13,8.5565e-14,-8.5565e-14,,,,,,,,,,,,,,,,,,,,,,,,,,,,,1.0,0.9,,,,,,,,,,,,,,,,,,,,,,,,,,,,,,,,,,,0,1,0,0,0,0,0,0,0,0,0,0,0,1,0,0,0,ECDFS,2SXPS,5.403e-13,2SXPS
170917,2SXPS J033141.9-274705,52.92496,-27.78491,4.7,0,223.48987,-54.60166,10.81,5.9,46.61,46.61,346766,2007-07-07 16:59:14,2017-08-19 05:02:54,205520356,524811794,2007-07-26 00:01:02,2007-07-26 22:43:55,207100864,207182637,2007-07-26 00:01:02,2007-07-26 22:43:55,207100864,207182637,72,1,1,2540860,0,0,0,0,0,0,0,-1,-1,-1,0.0,0,0,0,,0.0,2.061e-05,0.0,-0.886,0.0151,-0.114,0.693,0.3066,-0.023,0.0,2.245e-05,0.0,0.0,7.531e-06,0.0,0.0,1.172e-05,0.0,73,36.0,9.0,28.0,94.0,41.9,30.8,49.3,2.68,2.68,2.68,2.68,8.914e-05,8.55e-05,3.698e-05,5.47e-05,0.003149,0.001469,-0.001199,0.0,2.245e-05,0.0,0.0,7.531e-06,0.0,0.0,1.172e-05,0.0,9.5e+19,0.00201,0.0411,1.0,1.0,,,0.0239,0.00596,0.00596,0.00596,,,0.0,0.0,4.251e-11,4.329e-11,0.0,8.7622e-16,0.0,0.0,8.9218e-16,0.0,2.252e-11,2.319e-11,0.0,4.6416e-16,0.0,0.0,4.7791e-16,0.0,1.3386e-13,6.2453e-14,-5.097e-14,1.363e-13,6.359e-14,-5.1903e-14,7.091e-14,3.308e-14,-2.7003e-14,7.3011e-14,3.4063e-14,-2.7803e-14,4.251e-11,4.329e-11,0.0,8.7622e-16,0.0,0.0,8.9218e-16,0.0,2.252e-11,2.319e-11,0.0,4.6416e-16,0.0,0.0,4.7791e-16,0.0,,,,,,,,,,,,,,,,,,,,,,,,,,,,,0.0,0.0,,,,,,,,,,,,,,,,,,,,,,,,,,,,,,,,,,,0,3,3,0,0,1,0,0,0,1,0,0,0,0,0,1,0,ECDFS,2SXPS,0.0,2SXPS
103511,2SXPS J040005.7-490357,60.02407,-49.06593,4.6,0,257.25467,-47.81101,4.58,5.8,53.4,53.4,14688,2014-09-24 04:37:52,2018-02-02 17:19:36,433226285,539284797,2014-09-24 04:37:52,2018-02-02 17:19:36,433226285,539284797,2014-09-24 04:37:52,2018-02-02 17:19:36,433226285,539284797,19,1,1,2987877,1,0,0,0,0,0,0,-1,-1,0,0.0,0,0,0,,0.0007885,0.000361,-0.000361,0.462,0.5381,-0.1617,0.271,0.3592,-0.3537,3.571e-05,0.000166,-3.571e-05,0.0002533,0.0001979,-0.0001979,0.0004566,0.0002595,-0.0002595,13,2.0,4.0,7.0,3.99,1.59,1.11,1.79,1.38,1.38,1.38,1.38,0.002004,0.0007534,0.001069,0.001415,0.007236,0.005476,-0.003687,3.571e-05,0.000166,-3.571e-05,0.004913,0.004727,-0.002892,0.002349,0.003807,-0.001857,1.21e+20,0.18,0.467,0.129,0.649,,,0.845,0.845,0.845,0.845,1.0,1.0,1.0,0.0,7.605e-11,7.856e-11,5.997e-14,2.7452e-14,-2.7452e-14,6.195e-14,2.8359e-14,-2.8359e-14,2.248e-11,2.333e-11,1.773e-14,8.1149e-15,-8.1149e-15,1.839e-14,8.4199e-15,-8.4199e-15,5.5036e-13,4.1645e-13,-2.804e-13,5.6852e-13,4.302e-13,-2.8967e-13,1.6269e-13,1.231e-13,-8.2889e-14,1.688e-13,1.2773e-13,-8.6004e-14,4.254e-11,4.352e-11,3.354e-14,1.5355e-14,-1.5355e-14,3.431e-14,1.5707e-14,-1.5707e-14,2.248e-11,2.333e-11,1.773e-14,8.1149e-15,-8.1149e-15,1.839e-14,8.4199e-15,-8.4199e-15,7.605e-11,7.856e-11,9.853e+20,2.2806e+21,1.0,0.8613,-1.0,1.0,5.997e-14,2.7452e-14,-2.7452e-14,6.195e-14,2.8359e-14,-2.8359e-14,,,,,,,,,,,,,,,1.0,0.8,,,,,,,,,,,,,,,,,,,,,,,,,,,,,,,,,,,0,1,0,0,0,0,0,0,0,0,0,0,0,0,0,0,1,EDFS,2SXPS,5.997e-14,2SXPS
103524,2SXPS J040035.3-485928,60.14742,-48.99126,5.6,0,257.11846,-47.74987,2.51,7.4,279.27,279.27,14689,2014-09-24 04:37:52,2018-02-02 17:19:36,433226285,539284797,2014-09-24 04:37:52,2018-02-02 17:19:36,433226285,539284797,2014-09-24 04:37:52,2018-02-02 17:19:36,433226285,539284797,19,1,3,2987887,1,0,0,0,0,0,0,-1,-1,-1,0.0,0,0,0,,0.0007255,0.0003463,-0.0003463,-0.469,0.1508,-0.531,0.405,0.5955,-0.1736,0.0003305,0.0002179,-0.0002179,9.315e-05,0.0001497,-9.315e-05,0.0002721,0.0002293,-0.0002293,12,5.0,2.0,5.0,3.7,1.22,0.934,1.89,1.37,1.37,1.37,1.37,0.001901,0.001196,0.0007914,0.001139,0.01134,0.01084,-0.006628,0.01147,0.01083,-0.006634,9.315e-05,0.0001497,-9.315e-05,0.0002721,0.0002293,-0.0002293,1.21e+20,0.0276,9.73e-05,0.248,0.468,,,0.000596,0.000596,0.000596,0.000596,1.0,0.521,0.0,0.0,4.254e-11,4.352e-11,3.086e-14,1.4731e-14,-1.4731e-14,3.157e-14,1.5068e-14,-1.5068e-14,2.248e-11,2.333e-11,1.631e-14,7.7849e-15,-7.7849e-15,1.692e-14,8.0774e-15,-8.0774e-15,4.8245e-13,4.6109e-13,-2.82e-13,4.9352e-13,4.7166e-13,-2.8844e-13,2.5497e-13,2.437e-13,-1.4902e-13,2.6455e-13,2.5283e-13,-1.5462e-13,4.254e-11,4.352e-11,3.086e-14,1.4731e-14,-1.4731e-14,3.157e-14,1.5068e-14,-1.5068e-14,2.248e-11,2.333e-11,1.631e-14,7.7849e-15,-7.7849e-15,1.692e-14,8.0774e-15,-8.0774e-15,,,,,,,,,,,,,,,,,,,,,,,,,,,,,0.16,0.13,,,,,,,,,,,,,,,,,,,,,,,,,,,,,,,,,,,0,2,0,0,0,0,0,0,0,0,0,0,0,0,0,0,1,EDFS,2SXPS,3.086e-14,2SXPS
105553,2SXPS J035949.2-485946,59.95523,-48.99613,5.4,0,257.16946,-47.87133,6.03,7.1,91.43,91.43,14101,2014-09-24 04:37:52,2018-02-02 17:19:36,433226285,539284797,2014-09-24 04:37:52,2018-02-02 17:19:36,433226285,539284797,2014-09-24 04:37:52,2018-02-02 17:19:36,433226285,539284797,19,1,1,2987886,1,0,0,0,0,0,0,-1,-1,-1,0.0,0,0,0,,0.0008598,0.0003771,-0.0003771,0.047,0.4951,-0.4281,0.085,0.4254,-0.4283,0.0002359,0.0002154,-0.0002154,0.0002589,0.0002104,-0.0002104,0.0003091,0.0002381,-0.0002381,13,4.0,4.0,5.0,3.69,1.44,1.19,1.65,1.45,1.45,1.45,1.45,0.002143,0.001097,0.001119,0.001224,0.000775,0.0003489,-0.0002873,0.0002359,0.0002154,-0.0002154,0.0002589,0.0002104,-0.0002104,0.0003091,0.0002381,-0.0002381,1.2e+20,0.171,0.585,0.278,0.365,,,0.626,0.626,0.626,0.626,1.0,1.0,0.0,0.0,4.254e-11,4.351e-11,3.658e-14,1.604e-14,-1.604e-14,3.741e-14,1.6406e-14,-1.6406e-14,2.248e-11,2.332e-11,1.933e-14,8.4771e-15,-8.4771e-15,2.005e-14,8.7944e-15,-8.7944e-15,3.2968e-14,1.4843e-14,-1.222e-14,3.3721e-14,1.5182e-14,-1.2502e-14,1.7424e-14,7.845e-15,-6.4597e-15,1.8076e-14,8.1382e-15,-6.7015e-15,4.254e-11,4.351e-11,3.658e-14,1.604e-14,-1.604e-14,3.741e-14,1.6406e-14,-1.6406e-14,2.248e-11,2.332e-11,1.933e-14,8.4771e-15,-8.4771e-15,2.005e-14,8.7944e-15,-8.7944e-15,,,,,,,,,,,,,,,,,,,,,,,,,,,,,0.89,0.84,,,,,,,,,,,,,,,,,,,,,,,,,,,,,,,,,,,0,1,0,0,0,0,0,0,0,0,0,0,0,0,0,0,1,EDFS,2SXPS,3.658e-14,2SXPS
106655,2SXPS J035947.6-490241,59.94874,-49.04478,5.1,0,257.24142,-47.86398,6.46,6.5,38.69,38.69,13801,2014-09-24 04:37:52,2018-02-02 17:19:36,433226285,539284797,2014-09-24 04:37:52,2018-02-02 17:19:36,433226285,539284797,2014-09-24 04:37:52,2018-02-02 17:19:36,433226285,539284797,19,1,4,2987875,1,1,1,0,0,0,0,-1,0,-1,0.0,0,0,0,,0.001524,0.0004592,-0.0004592,0.025,0.2689,-0.2738,-0.439,0.305,-0.3335,0.0006082,0.0002907,-0.0002907,0.0006474,0.0002843,-0.0002843,0.0002199,0.000224,-0.0002199,20,8.0,8.0,4.0,3.8,1.54,1.12,1.66,1.48,1.48,1.48,1.48,0.003072,0.001708,0.001749,0.001099,0.001524,0.0004592,-0.0004592,0.005736,0.005507,-0.003368,0.003726,0.003545,-0.002171,0.0002199,0.000224,-0.0002199,1.21e+20,0.894,0.573,0.852,0.716,0.999,1.0,0.587,0.587,0.587,0.587,0.076,1.0,1.0,0.0,3.035e-11,5.162e-11,4.626e-14,1.3936e-14,-1.3936e-14,7.87e-14,2.3707e-14,-2.3707e-14,2.248e-11,2.332e-11,3.427e-14,1.0324e-14,-1.0324e-14,3.556e-14,1.0712e-14,-1.0712e-14,4.626e-14,1.3936e-14,-1.394e-14,7.8695e-14,2.3707e-14,-2.3707e-14,3.4271e-14,1.032e-14,-1.0324e-14,3.5556e-14,1.0712e-14,-1.0712e-14,4.254e-11,4.351e-11,6.485e-14,1.9535e-14,-1.9535e-14,6.633e-14,1.9982e-14,-1.9982e-14,2.248e-11,2.332e-11,3.427e-14,1.0324e-14,-1.0324e-14,3.556e-14,1.0712e-14,-1.0712e-14,3.035e-11,5.162e-11,1.501e+21,3.9858e+21,1.0,2.607,1.9157,1.0,4.626e-14,1.3936e-14,-1.3936e-14,7.87e-14,2.3707e-14,-2.3707e-14,,,,,,,,,,,,,,,1.0,0.75,,,,,,,,,,,,,,,,,,,,,,,,,,,,,,,,,,,0,1,0,0,0,0,0,0,0,0,0,0,0,0,0,0,1,EDFS,2SXPS,4.626e-14,2SXPS
106985,2SXPS J035945.7-490314,59.94052,-49.05408,4.6,0,257.25679,-47.86701,6.94,5.8,38.69,38.69,13710,2014-09-24 04:37:52,2018-02-02 17:19:36,433226285,539284797,2014-09-24 04:37:52,2018-02-02 17:19:36,433226285,539284797,2014-09-24 04:37:52,2018-02-02 17:19:36,433226285,539284797,19,1,2,2987884,1,0,1,0,0,0,0,-1,-1,-1,0.0,0,0,0,,0.0007524,0.0003666,-0.0003666,0.249,0.3347,-0.34,-0.858,0.0109,-0.1425,0.0003166,0.0002361,-0.0002361,0.000544,0.0002622,-0.0002622,0.0,0.0001058,0.0,12,5.0,7.0,0.0,3.83,1.56,1.1,1.67,1.45,1.45,1.45,1.45,0.001988,0.001229,0.001574,0.0005353,0.0007524,0.0003666,-0.0003666,0.0003166,0.0002361,-0.0002361,0.003067,0.00294,-0.0018,0.0,0.0001058,0.0,1.21e+20,0.794,0.875,0.738,1.0,,,0.347,0.347,0.347,0.347,,,0.0,1.0,4.254e-11,4.351e-11,3.201e-14,1.5596e-14,-1.5596e-14,3.274e-14,1.5954e-14,-1.5954e-14,2.08e-11,2.886e-10,1.565e-14,7.6268e-15,-7.6268e-15,2.172e-13,1.0582e-13,-1.0582e-13,3.2006e-14,1.5596e-14,-1.56e-14,3.2739e-14,1.5954e-14,-1.5954e-14,1.5651e-14,7.627e-15,-7.6268e-15,2.1715e-13,1.0582e-13,-1.0582e-13,4.254e-11,4.351e-11,3.201e-14,1.5596e-14,-1.5596e-14,3.274e-14,1.5954e-14,-1.5954e-14,2.248e-11,2.333e-11,1.692e-14,8.2428e-15,-8.2428e-15,1.755e-14,8.5519e-15,-8.5519e-15,,,,,,,,,,,,,,,2.08e-11,2.886e-10,1.159e+22,7.8129e+21,1.0,0.4594,0.11724,1.0,1.565e-14,7.6268e-15,-7.6268e-15,2.172e-13,1.0582e-13,-1.0582e-13,0.71,1.0,,,,,,,,,,,,,,,,,,,,,,,,,,,,,,,,,,,0,1,0,0,0,0,0,0,0,0,0,0,0,0,0,0,1,EDFS,2SXPS,3.201e-14,2SXPS
107133,2SXPS J035951.0-485816,59.96279,-48.97122,5.0,0,257.13163,-47.87237,6.21,6.4,91.43,91.43,13671,2014-09-24 04:37:52,2018-02-02 17:19:36,433226285,539284797,2014-09-24 04:37:52,2018-02-02 17:19:36,433226285,539284797,2014-09-24 04:37:52,2018-02-02 17:19:36,433226285,539284797,19,1,2,2987878,1,0,0,1,0,0,0,-1,-1,0,0.0,0,0,0,,0.001055,0.0004008,-0.0004008,0.228,0.7723,-0.2262,0.36,0.3225,-0.3206,0.0001453,0.0001955,-0.0001453,0.0002613,0.0002114,-0.0002114,0.0005917,0.000288,-0.000288,15,3.0,4.0,8.0,3.64,1.44,1.19,1.63,1.46,1.46,1.46,1.46,0.002419,0.0009556,0.001126,0.001676,0.001077,0.0003907,-0.0003286,0.004081,0.003909,-0.00239,0.0002613,0.0002114,-0.0002114,0.000555,0.0002949,-0.0002323,1.2e+20,0.902,0.00483,0.535,0.981,,,0.908,0.908,0.908,0.908,,,0.0,0.0,4.254e-11,4.351e-11,4.486e-14,1.7051e-14,-1.7051e-14,4.588e-14,1.7441e-14,-1.7441e-14,2.248e-11,2.332e-11,2.371e-14,9.0118e-15,-9.0118e-15,2.459e-14,9.3488e-15,-9.3488e-15,4.58e-14,1.6621e-14,-1.398e-14,4.6846e-14,1.7e-14,-1.4297e-14,2.4206e-14,8.784e-15,-7.3876e-15,2.5111e-14,9.1128e-15,-7.6639e-15,4.254e-11,4.351e-11,4.486e-14,1.7051e-14,-1.7051e-14,4.588e-14,1.7441e-14,-1.7441e-14,2.248e-11,2.332e-11,2.371e-14,9.0118e-15,-9.0118e-15,2.459e-14,9.3488e-15,-9.3488e-15,,,,,,,,,,,,,,,,,,,,,,,,,,,,,0.68,0.4,,,,,,,,,,,,,,,,,,,,,,,,,,,,,,,,,,,0,2,0,0,0,0,0,0,0,0,0,0,0,1,0,0,1,EDFS,2SXPS,4.486e-14,2SXPS
107437,2SXPS J040018.7-485542,60.07826,-48.92837,4.5,0,257.04314,-47.80866,5.39,5.5,279.27,279.27,13605,2014-09-24 04:37:52,2018-02-02 17:19:36,433226285,539284797,2014-09-24 04:37:52,2018-02-02 17:19:36,433226285,539284797,2014-09-24 04:37:52,2018-02-02 17:19:36,433226285,539284797,19,1,1,2987880,1,1,0,0,0,0,0,-1,-1,-1,0.0,0,0,0,,0.0009654,0.0003899,-0.0003899,-0.223,0.2766,-0.3188,-0.71,0.0595,-0.2898,0.0006142,0.0002847,-0.0002847,0.0003765,0.0002266,-0.0002266,0.0,0.0001513,0.0,14,8.0,5.0,1.0,3.61,1.39,0.948,1.64,1.46,1.46,1.46,1.46,0.002295,0.001701,0.001296,0.0006612,0.0009673,0.0003771,-0.0003152,0.0005907,0.0002944,-0.000232,0.0003765,0.0002266,-0.0002266,0.0,0.0001513,0.0,1.2e+20,0.983,0.813,0.857,0.0541,,,0.947,0.947,0.947,0.947,1.0,1.0,1.0,0.0,2.58e-11,1.077e-10,2.491e-14,1.006e-14,-1.006e-14,1.039e-13,4.1975e-14,-4.1975e-14,2.248e-11,2.332e-11,2.17e-14,8.7661e-15,-8.7661e-15,2.252e-14,9.0942e-15,-9.0942e-15,2.4958e-14,9.7299e-15,-8.132e-15,1.0413e-13,4.0596e-14,-3.3927e-14,2.1747e-14,8.478e-15,-7.0853e-15,2.2561e-14,8.7953e-15,-7.3505e-15,4.254e-11,4.351e-11,4.107e-14,1.6586e-14,-1.6586e-14,4.2e-14,1.6965e-14,-1.6965e-14,2.248e-11,2.332e-11,2.17e-14,8.7661e-15,-8.7661e-15,2.252e-14,9.0942e-15,-9.0942e-15,2.58e-11,1.077e-10,2.271e+21,2.3509e+21,1.0,3.775,-1.0,-0.37212,2.491e-14,1.006e-14,-1.006e-14,1.039e-13,4.1975e-14,-4.1975e-14,,,,,,,,,,,,,,,1.0,0.86,,,,,,,,,,,,,,,,,,,,,,,,,,,,,,,,,,,0,2,0,0,0,0,0,0,0,0,0,0,0,0,0,0,1,EDFS,2SXPS,2.491e-14,2SXPS
110646,2SXPS J035948.3-490740,59.95167,-49.12795,4.5,0,257.36115,-47.84237,9.18,5.6,267.25,267.25,12774,2014-09-24 04:37:52,2018-02-02 17:19:36,433226285,539284797,2014-09-24 04:37:52,2018-02-02 17:19:36,433226285,539284797,2014-09-24 04:37:52,2018-02-02 17:19:36,433226285,539284797,19,1,1,2987885,0,0,0,0,0,0,0,-1,-1,-1,0.0,0,0,0,,0.0005999,0.0003722,-0.0003722,0.136,0.8637,-0.345,0.534,0.4664,-0.1426,2.11e-05,0.0001938,-2.11e-05,9.403e-05,0.000174,-9.403e-05,0.0004357,0.0002749,-0.0002749,10,2.0,2.0,6.0,3.97,1.79,1.06,1.62,1.56,1.56,1.56,1.56,0.001824,0.0008454,0.0008924,0.001475,0.0006234,0.0003502,-0.0002832,2.11e-05,0.0001938,-2.11e-05,9.403e-05,0.000174,-9.403e-05,0.0004357,0.0002749,-0.0002749,1.21e+20,0.731,0.808,0.653,0.594,,,0.37,0.37,0.37,0.37,1.0,1.0,0.0,0.0,4.254e-11,4.352e-11,2.552e-14,1.5832e-14,-1.5832e-14,2.611e-14,1.6195e-14,-1.6195e-14,2.248e-11,2.333e-11,1.349e-14,8.3667e-15,-8.3667e-15,1.399e-14,8.6814e-15,-8.6814e-15,2.6519e-14,1.4895e-14,-1.205e-14,2.7128e-14,1.5237e-14,-1.2322e-14,1.4015e-14,7.872e-15,-6.3659e-15,1.4542e-14,8.1681e-15,-6.6053e-15,4.254e-11,4.352e-11,2.552e-14,1.5832e-14,-1.5832e-14,2.611e-14,1.6195e-14,-1.6195e-14,2.248e-11,2.333e-11,1.349e-14,8.3667e-15,-8.3667e-15,1.399e-14,8.6814e-15,-8.6814e-15,,,,,,,,,,,,,,,,,,,,,,,,,,,,,0.46,0.33,,,,,,,,,,,,,,,,,,,,,,,,,,,,,,,,,,,0,1,0,0,0,0,0,0,0,0,0,0,0,0,0,0,1,EDFS,2SXPS,2.552e-14,2SXPS
116781,2SXPS J035947.3-485307,59.94739,-48.88533,5.3,0,257.01065,-47.90233,9.95,7.1,311.35,311.35,11379,2014-09-24 04:37:52,2018-02-02 17:19:36,433226285,539284797,2014-09-24 04:37:52,2018-02-02 17:19:36,433226285,539284797,2014-09-24 04:37:52,2018-02-02 17:19:36,433226285,539284797,19,1,1,2987879,1,0,0,0,0,0,0,-1,-1,-1,0.0,0,0,0,,0.001003,0.0004489,-0.0004489,-0.11,0.419,-0.491,0.229,0.4737,-0.3399,0.0003043,0.0002657,-0.0002657,0.0002319,0.0002292,-0.0002292,0.0003977,0.0002937,-0.0002937,12,4.0,3.0,5.0,3.27,1.35,0.982,1.54,1.8,1.8,1.8,1.8,0.002553,0.001375,0.001228,0.001535,0.0009684,0.0004226,-0.000348,0.0003043,0.0002657,-0.0002657,0.0002319,0.0002292,-0.0002292,0.0003977,0.0002937,-0.0002937,1.2e+20,0.789,0.905,0.237,0.465,1.0,1.0,0.975,0.975,0.975,0.975,1.0,1.0,0.0,0.0,4.254e-11,4.351e-11,4.266e-14,1.9095e-14,-1.9095e-14,4.363e-14,1.9529e-14,-1.9529e-14,2.248e-11,2.332e-11,2.255e-14,1.0092e-14,-1.0092e-14,2.339e-14,1.0468e-14,-1.0468e-14,4.1194e-14,1.7979e-14,-1.48e-14,4.2132e-14,1.8388e-14,-1.5142e-14,2.1773e-14,9.502e-15,-7.825e-15,2.2584e-14,9.8565e-15,-8.1165e-15,4.254e-11,4.351e-11,4.266e-14,1.9095e-14,-1.9095e-14,4.363e-14,1.9529e-14,-1.9529e-14,2.248e-11,2.332e-11,2.255e-14,1.0092e-14,-1.0092e-14,2.339e-14,1.0468e-14,-1.0468e-14,,,,,,,,,,,,,,,,,,,,,,,,,,,,,0.58,0.55,,,,,,,,,,,,,,,,,,,,,,,,,,,,,,,,,,,0,1,0,0,0,0,0,0,0,0,0,0,0,0,0,0,1,EDFS,2SXPS,4.266e-14,2SXPS
193270,2SXPS J035620.5-484629,59.08569,-48.77489,6.8,0,257.05361,-48.47953,7.52,9.6,668.0,668.0,1107,2014-03-06 00:37:41,2014-03-06 00:58:37,415759073,415760329,2014-03-06 00:37:41,2014-03-06 00:58:37,415759073,415760329,2014-03-06 00:37:41,2014-03-06 00:58:37,415759073,415760329,1,1,1,2918774,1,0,1,0,0,0,0,-1,-1,-1,0.0,0,0,0,,0.007278,0.00332,-0.00332,0.05,0.4503,-0.5015,-0.017,0.4799,-0.4451,0.002023,0.00173,-0.00173,0.002227,0.00166,-0.00166,0.002136,0.001691,-0.001691,6,2.0,2.0,2.0,0.438,0.247,0.0704,0.149,1.45,1.45,1.45,1.45,0.0212,0.01114,0.01135,0.01126,0.007278,0.00332,-0.00332,0.002023,0.002132,-0.001309,0.002227,0.002139,-0.001311,0.002136,0.002139,-0.00131,1.12e+20,,,,,,,0.347,0.996,0.996,0.996,,,0.0,0.0,4.253e-11,4.344e-11,3.095e-13,1.4118e-13,-1.4118e-13,3.161e-13,1.442e-13,-1.442e-13,2.249e-11,2.328e-11,1.637e-13,7.4673e-14,-7.4673e-14,1.694e-13,7.7279e-14,-7.7279e-14,3.0953e-13,1.4118e-13,-1.412e-13,3.1614e-13,1.442e-13,-1.442e-13,1.6371e-13,7.467e-14,-7.4673e-14,1.6942e-13,7.7279e-14,-7.7279e-14,4.253e-11,4.344e-11,3.095e-13,1.4118e-13,-1.4118e-13,3.161e-13,1.442e-13,-1.442e-13,2.249e-11,2.328e-11,1.637e-13,7.4673e-14,-7.4673e-14,1.694e-13,7.7279e-14,-7.7279e-14,,,,,,,,,,,,,,,,,,,,,,,,,,,,,0.97,0.92,,,,,,,,,,,,,,,,,,,,,,,,,,,,,,,,,,,0,4,0,0,0,0,0,0,0,0,0,0,0,1,0,0,1,EDFS,2SXPS,3.095e-13,2SXPS
197082,2SXPS J035732.5-484746,59.3858,-48.79628,4.0,0,257.01247,-48.28252,11.44,4.6,78.54,78.54,916,2014-03-06 00:37:41,2014-03-06 00:58:37,415759073,415760329,2014-03-06 00:37:41,2014-03-06 00:58:37,415759073,415760329,2014-03-06 00:37:41,2014-03-06 00:58:37,415759073,415760329,1,1,1,2918773,1,1,1,0,0,0,0,-1,-1,-1,0.0,0,0,0,,0.01818,0.006192,-0.006192,-0.124,0.2949,-0.4133,-0.008,0.3373,-0.4479,0.005255,0.002869,-0.002869,0.003927,0.002489,-0.002489,0.003748,0.002538,-0.002538,10,4.0,3.0,3.0,0.49,0.232,0.184,0.312,1.75,1.75,1.75,1.75,0.04237,0.01839,0.01606,0.01581,0.01818,0.006192,-0.006192,0.005255,0.003351,-0.002385,0.003927,0.002996,-0.002018,0.003749,0.002994,-0.002018,1.14e+20,,,,,,,0.103,0.901,0.901,0.901,,,0.0,0.0,4.253e-11,4.346e-11,7.732e-13,2.6334e-13,-2.6334e-13,7.9e-13,2.6906e-13,-2.6906e-13,2.249e-11,2.329e-11,4.089e-13,1.3926e-13,-1.3926e-13,4.234e-13,1.4421e-13,-1.4421e-13,7.7322e-13,2.6334e-13,-2.633e-13,7.9003e-13,2.6906e-13,-2.6906e-13,4.0889e-13,1.393e-13,-1.3926e-13,4.2342e-13,1.4421e-13,-1.4421e-13,4.253e-11,4.346e-11,7.732e-13,2.6334e-13,-2.6334e-13,7.9e-13,2.6906e-13,-2.6906e-13,2.249e-11,2.329e-11,4.089e-13,1.3926e-13,-1.3926e-13,4.234e-13,1.4421e-13,-1.4421e-13,,,,,,,,,,,,,,,,,,,,,,,,,,,,,0.72,0.55,,,,,,,,,,,,,,,,,,,,,,,,,,,,,,,,,,,0,2,0,0,0,0,0,0,0,0,0,0,0,1,0,0,1,EDFS,2SXPS,7.732e-13,2SXPS
114170,2SXPS J023340.9+065611,38.4208,6.9366,3.5,0,162.63653,-47.89636,2.55,3.5,155.72,155.72,11932,2013-03-09 10:16:27,2018-06-28 12:04:36,384516998,551880297,2013-03-09 10:16:27,2018-06-28 12:04:36,384516998,551880297,2013-03-09 10:16:27,2018-06-28 12:04:36,384516998,551880297,7,7,7,3193594,1,1,1,1,0,0,0,0,0,0,0.0,0,0,0,,0.1283,0.003796,-0.003796,0.029,0.034,-0.034,-0.3,0.0401,-0.0401,0.04889,0.002389,-0.002389,0.05179,0.002448,-0.002448,0.02784,0.001832,-0.001832,1185,430.0,455.0,238.0,14.3,3.84,2.55,2.36,1.31,1.36,1.36,1.41,0.1397,0.05605,0.05914,0.03333,0.1551,0.01306,-0.01306,0.05571,0.008293,-0.007545,0.06266,0.008868,-0.008104,0.03817,0.007113,-0.006331,8.24e+20,3.3e-06,0.0248,0.0331,0.13,0.905,1.0,4.08e-08,0.0134,0.00181,0.0135,0.986,1.0,2.0,2.0,3.174e-11,3.982e-11,4.073e-12,1.2047e-13,-1.2047e-13,5.109e-12,1.5114e-13,-1.5114e-13,3.153e-11,3.191e-11,4.045e-12,1.1966e-13,-1.1966e-13,4.094e-12,1.2111e-13,-1.2111e-13,4.922e-12,4.1446e-13,-4.145e-13,6.175e-12,5.1998e-13,-5.1998e-13,4.8892e-12,4.117e-13,-4.117e-13,4.9481e-12,4.1666e-13,-4.1666e-13,4.365e-11,4.907e-11,5.601e-12,1.6567e-13,-1.6567e-13,6.296e-12,1.8625e-13,-1.8625e-13,2.184e-11,2.71e-11,2.803e-12,8.2902e-14,-8.2902e-14,3.477e-12,1.0286e-13,-1.0286e-13,3.517e-11,4.225e-11,6.477e+20,2.2466e+20,-2.0997e+20,2.14,0.1259,-0.12024,4.513e-12,1.335e-13,-1.335e-13,5.421e-12,1.6036e-13,-1.6036e-13,,,,,,,,,,,,,,,1.0,0.0,3.174e-11,3.982e-11,9.97e+20,3.2365e+20,-2.9906e+20,2.074,0.1282,-0.12354,4.073e-12,1.2047e-13,-1.2047e-13,5.109e-12,1.5114e-13,-1.5114e-13,310.8,354.0,0.94,3.153e-11,3.191e-11,6.397e+19,1.7322e+20,-6.397e+19,3.871,0.64019,-0.52162,4.045e-12,1.1966e-13,-1.1966e-13,4.094e-12,1.2111e-13,-1.2111e-13,321.9,354.0,1.0,0,3,0,0,0,0,0,0,0,0,0,0,1,1,0,0,1,SV_38_7,2SXPS,4.073e-12,2SXPS
114336,2SXPS J023329.9+065527,38.37486,6.92433,3.5,0,162.59122,-47.93252,1.85,3.6,164.08,164.08,11856,2013-03-09 10:16:27,2018-06-28 12:04:36,384516998,551880297,2013-03-09 10:16:27,2018-06-28 12:04:36,384516998,551880297,2013-03-09 10:16:27,2018-06-28 12:04:36,384516998,551880297,7,7,7,3193595,1,1,1,1,0,0,0,0,0,0,0.0,0,0,0,,0.08752,0.003147,-0.003147,0.045,0.0415,-0.0415,-0.31,0.0487,-0.0487,0.0325,0.001957,-0.001957,0.03557,0.002033,-0.002033,0.01811,0.00145,-0.00145,816,286.0,314.0,164.0,14.5,3.43,2.59,2.75,1.29,1.36,1.36,1.38,0.09696,0.03837,0.04167,0.02246,0.1739,0.01559,-0.01559,0.06224,0.01004,-0.009065,0.06492,0.01034,-0.009345,0.04558,0.008466,-0.007536,8.24e+20,0.0,1.81e-07,0.000231,2.95e-07,0.87,1.0,0.0,1.22e-15,4.37e-14,1.25e-09,0.963,1.0,2.0,2.0,3.105e-11,4.206e-11,2.717e-12,9.77e-14,-9.77e-14,3.681e-12,1.3234e-13,-1.3234e-13,3.149e-11,3.262e-11,2.756e-12,9.9105e-14,-9.9105e-14,2.855e-12,1.0264e-13,-1.0264e-13,5.4007e-12,4.8404e-13,-4.84e-13,7.3156e-12,6.5566e-13,-6.5566e-13,5.4784e-12,4.91e-13,-4.91e-13,5.6735e-12,5.0849e-13,-5.0849e-13,4.365e-11,4.907e-11,3.82e-12,1.3735e-13,-1.3735e-13,4.294e-12,1.544e-13,-1.544e-13,2.184e-11,2.71e-11,1.912e-12,6.8729e-14,-6.8729e-14,2.372e-12,8.527e-14,-8.527e-14,3.467e-11,4.344e-11,8.083e+20,2.931e+20,-2.4692e+20,2.182,0.15666,-0.14735,3.034e-12,1.0908e-13,-1.0908e-13,3.802e-12,1.3668e-13,-1.3668e-13,,,,,,,,,,,,,,,1.0,0.0,3.105e-11,4.206e-11,1.335e+21,4.4532e+20,-4.0497e+20,2.155,0.16555,-0.15777,2.717e-12,9.77e-14,-9.77e-14,3.681e-12,1.3234e-13,-1.3234e-13,305.0,292.0,1.14,3.149e-11,3.262e-11,1.966e+20,2.3069e+20,-1.9664e+20,3.801,0.77722,-0.56666,2.756e-12,9.9105e-14,-9.9105e-14,2.855e-12,1.0264e-13,-1.0264e-13,317.5,292.0,1.26,0,4,0,0,0,0,0,0,0,0,0,0,1,1,0,0,1,SV_38_7,2SXPS,2.717e-12,2SXPS
116015,2SXPS J023343.4+065340,38.43121,6.8946,3.9,0,162.68507,-47.92486,4.43,4.4,155.72,155.72,11595,2013-03-09 10:16:27,2018-06-28 12:04:36,384516998,551880297,2013-03-09 10:16:27,2018-06-28 12:04:36,384516998,551880297,2013-03-09 10:16:27,2018-06-28 12:04:36,384516998,551880297,7,4,5,3193596,1,1,1,0,0,0,0,0,0,-1,0.0,0,0,0,,0.003358,0.0007638,-0.0007638,-0.168,0.1858,-0.221,-0.414,0.213,-0.3136,0.001594,0.0005075,-0.0005075,0.00111,0.0004219,-0.0004219,0.0004076,0.0003249,-0.0003249,35,17.0,12.0,6.0,6.63,2.97,2.11,2.37,1.44,1.44,1.44,1.44,0.005804,0.003345,0.002628,0.001582,0.006935,0.002393,-0.00197,0.003524,0.001771,-0.001343,0.002246,0.0015,-0.001068,0.0004076,0.0003249,-0.0003249,8.22e+20,0.185,0.494,0.78,0.224,1.0,0.275,7.82e-05,0.0952,0.233,0.233,1.0,1.0,1.0,0.0,3.289e-11,3.658e-11,1.104e-13,2.5123e-14,-2.5123e-14,1.228e-13,2.7941e-14,-2.7941e-14,2.184e-11,2.709e-11,7.334e-14,1.6683e-14,-1.6683e-14,9.094e-14,2.0688e-14,-2.0688e-14,2.281e-13,7.871e-14,-6.481e-14,2.5369e-13,8.7537e-14,-7.2084e-14,1.5147e-13,5.227e-14,-4.304e-14,1.8783e-13,6.4813e-14,-5.3372e-14,4.364e-11,4.905e-11,1.465e-13,3.3334e-14,-3.3334e-14,1.647e-13,3.7465e-14,-3.7465e-14,2.184e-11,2.709e-11,7.334e-14,1.6683e-14,-1.6683e-14,9.094e-14,2.0688e-14,-2.0688e-14,3.289e-11,3.658e-11,2.287e+20,2.6842e+21,1.0,2.418,1.5224,1.0,1.104e-13,2.5123e-14,-2.5123e-14,1.228e-13,2.7941e-14,-2.7941e-14,,,,,,,,,,,,,,,1.0,0.21,,,,,,,,,,,,,,,,,,,,,,,,,,,,,,,,,,,0,2,0,0,0,0,0,0,0,0,0,0,0,1,0,0,1,SV_38_7,2SXPS,1.104e-13,2SXPS
117240,2SXPS J023322.3+065329,38.343,6.89152,5.6,0,162.58051,-47.97753,4.85,7.5,164.08,164.08,11277,2013-03-09 10:16:27,2018-06-28 12:04:36,384516998,551880297,2013-03-09 10:16:27,2018-06-28 12:04:36,384516998,551880297,2013-03-09 10:16:27,2018-06-28 12:04:36,384516998,551880297,7,2,2,3193601,1,0,0,0,0,0,0,-1,-1,-1,0.0,0,0,0,,0.001035,0.00051,-0.00051,0.102,0.4603,-0.5043,0.199,0.3546,-0.4139,0.0002757,0.0002942,-0.0002757,0.0003483,0.0002805,-0.0002805,0.0005253,0.0003258,-0.0003258,15,5.0,5.0,7.0,5.76,2.44,1.77,2.13,1.38,1.38,1.38,1.38,0.002658,0.001349,0.001417,0.001706,0.006464,0.004907,-0.003304,0.002046,0.003296,-0.001609,0.002081,0.003303,-0.001609,0.001939,0.001164,-0.0008589,8.22e+20,0.16,0.682,0.593,0.378,,,0.359,0.634,0.634,0.634,,,0.0,0.0,4.365e-11,4.906e-11,4.516e-14,2.2259e-14,-2.2259e-14,5.076e-14,2.5019e-14,-2.5019e-14,2.184e-11,2.709e-11,2.26e-14,1.1139e-14,-1.1139e-14,2.803e-14,1.3816e-14,-1.3816e-14,2.8211e-13,2.1415e-13,-1.442e-13,3.171e-13,2.4071e-13,-1.6208e-13,1.4118e-13,1.072e-13,-7.2162e-14,1.7511e-13,1.3292e-13,-8.9501e-14,4.365e-11,4.906e-11,4.516e-14,2.2259e-14,-2.2259e-14,5.076e-14,2.5019e-14,-2.5019e-14,2.184e-11,2.709e-11,2.26e-14,1.1139e-14,-1.1139e-14,2.803e-14,1.3816e-14,-1.3816e-14,,,,,,,,,,,,,,,,,,,,,,,,,,,,,0.85,0.8,,,,,,,,,,,,,,,,,,,,,,,,,,,,,,,,,,,0,3,0,0,0,0,0,0,0,0,0,0,1,1,0,0,1,SV_38_7,2SXPS,4.516e-14,2SXPS
191236,2SXPS J023246.0+063739,38.19169,6.62774,5.3,0,162.62197,-48.27984,1.17,7.0,813.62,813.62,1300,2013-03-09 10:16:27,2018-06-28 12:04:36,384516998,551880297,2013-03-09 10:16:27,2018-06-28 12:04:36,384516998,551880297,2013-03-09 10:16:27,2018-06-28 12:04:36,384516998,551880297,3,3,3,2616339,1,1,1,0,0,0,0,0,2,-1,0.0,0,0,0,,0.02621,0.005306,-0.005306,0.101,0.1763,-0.1852,-0.864,0.0287,-0.1358,0.0134,0.003737,-0.003737,0.01037,0.002815,-0.002815,0.0007527,0.00109,-0.0007527,27,14.0,19.0,1.0,0.909,0.394,2.09,0.233,1.31,1.39,1.35,1.39,0.04484,0.02751,0.02024,0.007656,0.02948,0.008877,-0.007421,0.0134,0.003737,-0.003737,0.01173,0.00516,-0.004065,0.0007527,0.00109,-0.0007527,7.46e+20,0.327,0.817,0.518,0.246,1.0,1.0,0.000247,0.0266,0.0605,0.0153,1.0,1.0,0.0,1.0,4.35e-11,4.851e-11,1.14e-12,2.3083e-13,-2.3083e-13,1.271e-12,2.574e-13,-2.574e-13,2.086e-11,1.85e-10,5.468e-13,1.107e-13,-1.107e-13,4.848e-12,9.8156e-13,-9.8156e-13,1.2826e-12,3.8618e-13,-3.228e-13,1.4303e-12,4.3064e-13,-3.6e-13,6.1512e-13,1.852e-13,-1.5483e-13,5.454e-12,1.6422e-12,-1.3728e-12,4.35e-11,4.851e-11,1.14e-12,2.3083e-13,-2.3083e-13,1.271e-12,2.574e-13,-2.574e-13,2.188e-11,2.668e-11,5.735e-13,1.1612e-13,-1.1612e-13,6.993e-13,1.4159e-13,-1.4159e-13,,,,,,,,,,,,,,,2.086e-11,1.85e-10,9.224e+21,2.972e+21,1.0,0.4888,0.070175,1.0,5.468e-13,1.107e-13,-1.107e-13,4.848e-12,9.8156e-13,-9.8156e-13,0.7,1.0,,,,,,,,,,,,,,,,,,,,,,,,,,,,,,,,,,,0,15,2,0,1,0,0,1,0,0,0,0,1,1,0,0,1,SV_38_7,2SXPS,1.14e-12,2SXPS
196955,2SXPS J023213.2+064951,38.05504,6.83085,4.2,0,162.28071,-48.19038,3.27,4.9,831.76,831.76,921,2013-03-09 10:16:27,2018-06-28 12:04:36,384516998,551880297,2013-03-09 10:16:27,2018-06-28 12:04:36,384516998,551880297,2013-03-09 10:16:27,2018-06-28 12:04:36,384516998,551880297,3,2,3,3193597,1,1,1,1,0,0,0,0,0,-1,0.0,0,0,0,,0.03756,0.007394,-0.007394,-0.227,0.1755,-0.233,-0.138,0.2263,-0.2859,0.01814,0.005121,-0.005121,0.01087,0.003948,-0.003948,0.00806,0.003439,-0.003439,27,13.0,8.0,6.0,0.406,0.151,0.141,0.175,1.3,1.3,1.3,1.3,0.06376,0.03781,0.02707,0.02279,0.04433,0.01082,-0.009322,0.02077,0.006696,-0.005514,0.01081,0.004441,-0.003499,0.01024,0.004959,-0.003762,7.59e+20,0.36,0.488,0.43,0.428,1.0,1.0,0.000333,0.392,0.699,0.699,1.0,1.0,0.0,0.0,4.353e-11,4.86e-11,1.635e-12,3.2181e-13,-3.2181e-13,1.825e-12,3.5935e-13,-3.5935e-13,2.188e-11,2.675e-11,8.217e-13,1.6175e-13,-1.6175e-13,1.005e-12,1.9778e-13,-1.9778e-13,1.9294e-12,4.7116e-13,-4.057e-13,2.1544e-12,5.2611e-13,-4.5306e-13,9.6972e-13,2.368e-13,-2.0393e-13,1.1858e-12,2.8956e-13,-2.4936e-13,4.353e-11,4.86e-11,1.635e-12,3.2181e-13,-3.2181e-13,1.825e-12,3.5935e-13,-3.5935e-13,2.188e-11,2.675e-11,8.217e-13,1.6175e-13,-1.6175e-13,1.005e-12,1.9778e-13,-1.9778e-13,,,,,,,,,,,,,,,,,,,,,,,,,,,,,0.44,0.05,,,,,,,,,,,,,,,,,,,,,,,,,,,,,,,,,,,0,7,2,1,1,0,0,0,0,0,0,0,1,1,0,0,1,SV_38_7,2SXPS,1.635e-12,2SXPS
12282,2SXPS J002359.8-720136,5.99957,-72.02684,1.9,1,305.91667,-44.94205,4.74,2.7,136.44,136.44,174913,2013-02-11 02:37:53,2017-08-21 15:38:38,382243083,525022738,2013-02-11 02:37:53,2017-08-21 15:38:38,382243083,525022738,2013-02-11 02:37:53,2017-08-21 15:38:38,382243083,525022738,77,2,3,3107334,1,0,0,1,0,0,0,0,0,0,0.0,0,0,0,,0.0004264,0.00011,-0.00011,0.064,0.2331,-0.2993,0.268,0.1767,-0.1777,5.377e-05,6.83e-05,-5.377e-05,9.572e-05,5.728e-05,-5.728e-05,0.0001852,6.912e-05,-6.912e-05,141,47.0,37.0,57.0,83.0,39.7,24.0,31.8,1.4,1.4,1.4,1.4,0.0007076,0.0002192,0.0002434,0.000372,0.001464,0.001012,-0.0007694,6.356e-05,4.663e-05,-4.26e-05,9.572e-05,5.728e-05,-5.728e-05,0.002234,0.00174,-0.001172,7.91e+20,0.872,0.944,0.379,0.819,,,0.904,0.91,0.91,0.91,1.0,0.946,0.0,2.0,4.358e-11,4.882e-11,1.858e-14,4.7939e-15,-4.7939e-15,2.082e-14,5.3706e-15,-5.3706e-15,6.266e-11,5.47e-10,2.672e-14,6.8922e-15,-6.8922e-15,2.332e-13,6.0167e-14,-6.0167e-14,6.3809e-14,4.4119e-14,-3.353e-14,7.1484e-14,4.9426e-14,-3.7564e-14,9.1738e-14,6.343e-14,-4.8207e-14,8.0084e-13,5.5372e-13,-4.2084e-13,4.358e-11,4.882e-11,1.858e-14,4.7939e-15,-4.7939e-15,2.082e-14,5.3706e-15,-5.3706e-15,2.186e-11,2.691e-11,9.32e-15,2.4045e-15,-2.4045e-15,1.147e-14,2.9603e-15,-2.9603e-15,,,,,,,,,,,,,,,,,,,,,,,,,,,,,0.39,0.17,,,,,,,,,,,,,,,,,,6.266e-11,5.47e-10,1.101e+23,3.4054e+23,-1.0257e+23,1.687,-1.6873,-1.3283,2.672e-14,6.8922e-15,-6.8922e-15,2.332e-13,6.0167e-14,-6.0167e-14,7.0,5.0,39.58,0,2,1,0,0,0,0,0,0,0,0,0,1,0,1,0,0,47Tuc,2SXPS,1.858e-14,2SXPS
12360,2SXPS J002437.9-720043,6.1582,-72.01212,0.9,1,305.85133,-44.96387,4.32,0.9,77.26,97.53,174285,2013-02-11 02:37:53,2017-08-21 15:38:38,382243083,525022738,2013-02-11 02:37:53,2017-08-21 15:38:38,382243083,525022738,2013-02-11 02:37:53,2017-08-21 15:38:38,382243083,525022738,77,4,13,3107322,1,1,1,1,0,0,0,0,0,0,0.0,0,0,0,,0.00141,0.0001377,-0.0001377,-0.124,0.0875,-0.088,-0.121,0.1132,-0.0967,0.0005702,8.915e-05,-8.915e-05,0.0004553,7.535e-05,-7.535e-05,0.0003297,7.505e-05,-7.505e-05,272,113.0,84.0,75.0,79.9,35.2,21.8,30.0,1.39,1.4,1.4,1.4,0.001823,0.0008234,0.0006769,0.0005403,0.007107,0.004012,-0.002961,0.005956,0.003664,-0.002607,0.001879,0.001093,-0.0008071,0.001713,0.001,-0.0007382,7.94e+20,0.834,0.923,0.554,0.936,0.000234,1.0,0.0147,0.074,0.074,0.074,1.0,3.63e-08,2.0,2.0,3.667e-11,4.442e-11,5.169e-14,5.0476e-15,-5.0476e-15,6.262e-14,6.1148e-15,-6.1148e-15,3.901e-11,4.081e-11,5.5e-14,5.3701e-15,-5.3701e-15,5.753e-14,5.618e-15,-5.618e-15,2.6061e-13,1.471e-13,-1.086e-13,3.1571e-13,1.7821e-13,-1.3154e-13,2.7726e-13,1.565e-13,-1.1552e-13,2.9006e-13,1.6373e-13,-1.2085e-13,4.358e-11,4.884e-11,6.144e-14,5.9998e-15,-5.9998e-15,6.885e-14,6.7232e-15,-6.7232e-15,2.186e-11,2.692e-11,3.081e-14,3.0088e-15,-3.0088e-15,3.796e-14,3.7063e-15,-3.7063e-15,,,,,,,,,,,,,,,,,,,,,,,,,,,,,0.12,0.0,3.667e-11,4.442e-11,1.335e+21,2.8432e+21,-1.3347e+21,1.812,0.7279,-0.58146,5.169e-14,5.0476e-15,-5.0476e-15,6.262e-14,6.1148e-15,-6.1148e-15,52.1,60.0,1.23,3.901e-11,4.081e-11,3.836e+20,1.4707e+21,-3.8356e+20,8.162,-8.1616,-4.7764,5.5e-14,5.3701e-15,-5.3701e-15,5.753e-14,5.618e-15,-5.618e-15,52.8,60.0,1.26,0,0,0,0,0,0,0,0,0,0,0,0,0,0,0,0,0,47Tuc,2SXPS,5.169e-14,2SXPS
12513,2SXPS J002403.0-720453,6.01268,-72.08158,0.9,1,305.89944,-44.88853,1.92,0.9,14.57,14.57,171388,2013-02-11 02:37:53,2017-08-21 15:38:38,382243083,525022738,2013-02-11 02:37:53,2017-08-21 15:38:38,382243083,525022738,2013-02-11 02:37:53,2017-08-21 15:38:38,382243083,525022738,77,74,76,3107317,1,1,1,1,0,0,0,0,0,0,0.0,0,0,0,,0.1508,0.001448,-0.001448,-0.264,0.011,-0.011,-0.003,0.0166,-0.0166,0.08387,0.001149,-0.001149,0.04834,0.0008067,-0.0008067,0.04838,0.001391,-0.001391,12120,6549.0,4722.0,1650.0,446.0,446.0,423.0,167.0,2.23,2.48,2.05,5.9,0.1551,0.08731,0.05076,0.05255,0.2566,0.02187,-0.02187,0.7109,0.07101,-0.07101,0.08951,0.008687,-0.008687,1.23,0.2288,-0.204,7.96e+20,0.0,0.0,0.0,0.0,1.0,1.0,0.0,0.0,0.0,0.0,1.0,1.0,2.0,2.0,2.349e-11,4.755e-11,3.542e-12,3.4017e-14,-3.4017e-14,7.169e-12,6.8848e-14,-6.8848e-14,2.577e-11,2.574e-11,3.886e-12,3.7316e-14,-3.7316e-14,3.881e-12,3.7264e-14,-3.7264e-14,6.0292e-12,5.1378e-13,-5.138e-13,1.2203e-11,1.0399e-12,-1.0399e-12,6.6139e-12,5.636e-13,-5.6361e-13,6.6048e-12,5.6283e-13,-5.6283e-13,4.359e-11,4.885e-11,6.572e-12,6.3112e-14,-6.3112e-14,7.366e-12,7.0736e-14,-7.0736e-14,2.186e-11,2.693e-11,3.295e-12,3.1645e-14,-3.1645e-14,4.061e-12,3.8998e-14,-3.8998e-14,,,,,,,,,,,,,,,,,,,,,,,,,,,,,0.0,0.0,2.349e-11,4.755e-11,1.584e+21,1.5305e+20,-1.4286e+20,2.918,0.077744,-0.073963,3.542e-12,3.4017e-14,-3.4017e-14,7.169e-12,6.8848e-14,-6.8848e-14,552.5,471.0,1.07,2.577e-11,2.574e-11,6578000000.0,5.4564001e+18,-6577600000.0,2.316,0.077195,-0.10707,3.886e-12,3.7316e-14,-3.7316e-14,3.881e-12,3.7264e-14,-3.7264e-14,1295.6,471.0,3.06,0,8,8,1,1,0,0,1,0,0,0,0,0,0,0,0,0,47Tuc,2SXPS,3.542e-12,2SXPS
12676,2SXPS J002415.8-720433,6.06591,-72.07604,1.7,1,305.87775,-44.89645,1.96,2.3,11.43,48.7,171243,2013-02-11 02:37:53,2017-08-21 15:38:38,382243083,525022738,2013-02-11 02:37:53,2017-08-21 15:38:38,382243083,525022738,2013-02-11 02:37:53,2017-08-21 15:38:38,382243083,525022738,77,7,13,3107324,1,1,1,1,0,0,0,0,-1,0,0.0,0,0,0,,0.001633,0.0002463,-0.0002463,0.027,0.1158,-0.1217,0.048,0.1008,-0.0947,0.0003451,0.000161,-0.000161,0.0005094,0.0001463,-0.0001463,0.0006867,0.0001315,-0.0001315,647,256.0,224.0,202.0,430.0,210.0,156.0,110.0,1.42,1.42,1.42,1.42,0.002372,0.0007111,0.0008652,0.001023,0.01286,0.006148,-0.004766,0.002731,0.001211,-0.0009792,0.007833,0.004878,-0.003471,0.007515,0.002903,-0.002625,7.97e+20,0.271,0.734,0.186,0.294,0.000238,1.59e-10,2.49e-05,4.03e-05,3.88e-05,2.71e-05,0.494,1.0,2.0,2.0,3.781e-11,4.075e-11,6.173e-14,9.3145e-15,-9.3145e-15,6.653e-14,1.0038e-14,-1.0038e-14,3.953e-11,3.984e-11,6.453e-14,9.7378e-15,-9.7378e-15,6.504e-14,9.8143e-15,-9.8143e-15,4.862e-13,2.3247e-13,-1.802e-13,5.2398e-13,2.5053e-13,-1.9421e-13,5.0829e-13,2.43e-13,-1.8839e-13,5.1229e-13,2.4494e-13,-1.8987e-13,4.359e-11,4.886e-11,7.117e-14,1.0738e-14,-1.0738e-14,7.977e-14,1.2037e-14,-1.2037e-14,2.186e-11,2.694e-11,3.568e-14,5.384e-15,-5.384e-15,4.398e-14,6.6365e-15,-6.6365e-15,,,,,,,,,,,,,,,,,,,,,,,,,,,,,0.2,0.1,3.781e-11,4.075e-11,4.362e+20,1.4064e+21,-4.3621e+20,1.731,0.59142,-0.44991,6.173e-14,9.3145e-15,-9.3145e-15,6.653e-14,1.0038e-14,-1.0038e-14,56.5,53.0,1.27,3.953e-11,3.984e-11,747600000000000.0,6.5215e+20,-747560000000000.0,8.292,-8.2919,-4.6559,6.453e-14,9.7378e-15,-9.7378e-15,6.504e-14,9.8143e-15,-9.8143e-15,57.5,53.0,1.3,0,1,1,0,0,0,0,0,0,0,0,0,0,0,1,0,0,47Tuc,2SXPS,6.173e-14,2SXPS
12681,2SXPS J002315.7-720732,5.81545,-72.12564,1.7,1,305.97452,-44.83578,5.35,2.4,60.13,60.13,171193,2013-02-11 02:37:53,2017-08-21 15:38:38,382243083,525022738,2013-02-11 02:37:53,2017-08-21 15:38:38,382243083,525022738,2013-02-11 02:37:53,2017-08-21 15:38:38,382243083,525022738,77,1,3,3107342,1,0,1,1,0,0,0,2,0,0,0.0,0,0,0,,0.0004101,0.0001028,-0.0001028,0.191,0.2221,-0.2985,0.253,0.1811,-0.1554,4.389e-05,6.111e-05,-4.389e-05,0.0001146,5.246e-05,-5.246e-05,0.0001923,6.737e-05,-6.737e-05,121,36.0,32.0,53.0,66.4,30.2,16.8,27.4,1.43,1.43,1.43,1.43,0.0006781,0.000196,0.0002624,0.0003777,0.006251,0.004835,-0.003257,0.002044,0.003356,-0.001641,0.0021,0.003365,-0.001646,0.00179,0.001085,-0.0008017,7.94e+20,0.432,0.162,0.942,0.617,1.0,1.0,0.00362,0.00362,0.00362,0.00362,0.963,0.324,0.0,0.0,4.359e-11,4.884e-11,1.788e-14,4.4827e-15,-4.4827e-15,2.003e-14,5.0234e-15,-5.0234e-15,2.186e-11,2.693e-11,8.964e-15,2.2479e-15,-2.2479e-15,1.104e-14,2.7693e-15,-2.7693e-15,2.7247e-13,2.1075e-13,-1.42e-13,3.0533e-13,2.3617e-13,-1.591e-13,1.3663e-13,1.057e-13,-7.1195e-14,1.6832e-13,1.302e-13,-8.7707e-14,4.359e-11,4.884e-11,1.788e-14,4.4827e-15,-4.4827e-15,2.003e-14,5.0234e-15,-5.0234e-15,2.186e-11,2.693e-11,8.964e-15,2.2479e-15,-2.2479e-15,1.104e-14,2.7693e-15,-2.7693e-15,,,,,,,,,,,,,,,,,,,,,,,,,,,,,0.75,0.3,,,,,,,,,,,,,,,,,,,,,,,,,,,,,,,,,,,0,1,1,0,0,0,0,0,0,0,0,0,0,0,1,0,0,47Tuc,2SXPS,1.788e-14,2SXPS
12856,2SXPS J002447.4-715916,6.19755,-71.98791,0.9,1,305.83934,-44.9896,6.11,0.9,28.08,28.08,169607,2013-02-11 02:37:53,2017-08-21 15:38:38,382243083,525022738,2013-02-11 02:37:53,2017-08-21 15:38:38,382243083,525022738,2013-02-11 02:37:53,2017-08-21 15:38:38,382243083,525022738,77,1,25,3107321,1,1,1,1,0,0,0,0,0,0,0.0,0,0,0,,0.001775,0.0001483,-0.0001483,0.208,0.0997,-0.0997,-0.257,0.0795,-0.0837,0.0005132,8.685e-05,-8.685e-05,0.0007828,9.193e-05,-9.193e-05,0.000429,7.981e-05,-7.981e-05,313,101.0,127.0,85.0,76.7,32.7,22.8,27.9,1.43,1.43,1.43,1.43,0.00222,0.00076,0.001059,0.0006574,0.01558,0.001048,-0.001048,0.003507,0.0008081,-0.0008081,0.01353,0.009915,-0.006668,0.003903,0.0007441,-0.0007441,7.93e+20,0.474,0.972,0.678,0.0339,0.892,1.0,2.49e-05,2.49e-05,2.49e-05,2.49e-05,0.517,1.0,2.0,2.0,5.235e-11,5.395e-11,9.293e-14,7.7633e-15,-7.7633e-15,9.575e-14,7.9992e-15,-7.9992e-15,4.979e-11,5.086e-11,8.838e-14,7.3832e-15,-7.3832e-15,9.027e-14,7.5413e-15,-7.5413e-15,8.1582e-13,5.4888e-14,-5.489e-14,8.4061e-13,5.6556e-14,-5.6556e-14,7.7588e-13,5.22e-14,-5.2201e-14,7.9249e-13,5.3318e-14,-5.3318e-14,4.358e-11,4.883e-11,7.736e-14,6.4627e-15,-6.4627e-15,8.668e-14,7.2413e-15,-7.2413e-15,2.186e-11,2.692e-11,3.88e-14,3.2411e-15,-3.2411e-15,4.778e-14,3.9917e-15,-3.9917e-15,3.648e-11,5.081e-11,1.667e+21,9.4511e+20,-7.5545e+20,2.115,0.2712,-0.23538,6.475e-14,5.4088e-15,-5.4088e-15,9.019e-14,7.5348e-15,-7.5348e-15,3.616e-11,3.75e-11,2.073e+20,6.3518e+20,1.0,3.95,1.3461,1.0,6.419e-14,5.3621e-15,-5.3621e-15,6.657e-14,5.5612e-15,-5.5612e-15,1.0,1.0,5.235e-11,5.395e-11,4.074e+20,4.4339e+21,-4.0739e+20,1.214,1.0439,-0.59142,9.293e-14,7.7633e-15,-7.7633e-15,9.575e-14,7.9992e-15,-7.9992e-15,40.3,29.0,1.76,4.979e-11,5.086e-11,4.317e+20,3.0437e+21,-4.3172e+20,51.79,-51.785,-49.122,8.838e-14,7.3832e-15,-7.3832e-15,9.027e-14,7.5413e-15,-7.5413e-15,40.4,29.0,1.79,0,0,0,0,0,0,0,0,0,0,0,0,0,0,0,0,0,47Tuc,2SXPS,9.293e-14,2SXPS
13011,2SXPS J002358.5-715840,5.99396,-71.97802,2.9,1,305.92947,-44.99005,5.78,4.3,73.34,73.34,168013,2013-02-11 02:37:53,2017-08-21 15:38:38,382243083,525022738,2013-02-11 02:37:53,2017-08-21 15:38:38,382243083,525022738,2013-02-11 02:37:53,2017-08-21 15:38:38,382243083,525022738,77,1,2,3107374,0,0,0,1,0,0,0,-1,0,-1,0.0,0,0,0,,0.0001496,9.725e-05,-9.725e-05,0.666,0.3337,-0.0897,0.326,0.2144,-0.2296,0.0,2.302e-05,0.0,5.723e-05,5.007e-05,-5.007e-05,0.0001264,6.401e-05,-6.401e-05,90,22.0,25.0,43.0,70.5,31.9,17.5,26.5,1.46,1.46,1.46,1.46,0.0003756,9.897e-05,0.0001898,0.0002926,0.0002081,7.602e-05,-7.094e-05,0.0,2.302e-05,0.0,5.232e-05,3.8e-05,-3.354e-05,0.001202,0.0008252,-0.0005869,7.88e+20,0.0176,0.0259,0.182,0.0109,,,0.00913,0.00913,0.00913,0.00913,,,1.0,0.0,8.033e-11,8.843e-11,1.202e-14,7.8121e-15,-7.8121e-15,1.323e-14,8.5998e-15,-8.5998e-15,2.186e-11,2.689e-11,3.271e-15,2.126e-15,-2.126e-15,4.024e-15,2.6154e-15,-2.6154e-15,1.6718e-14,6.1067e-15,-5.699e-15,1.8404e-14,6.7225e-15,-6.2732e-15,4.5498e-15,1.662e-15,-1.5508e-15,5.5971e-15,2.0445e-15,-1.9078e-15,4.357e-11,4.88e-11,6.52e-15,4.2378e-15,-4.2378e-15,7.302e-15,4.7457e-15,-4.7457e-15,2.186e-11,2.689e-11,3.271e-15,2.126e-15,-2.126e-15,4.024e-15,2.6154e-15,-2.6154e-15,8.033e-11,8.843e-11,4.194e+21,1.8157e+21,1.0,0.9449,-1.0,-0.65413,1.202e-14,7.8121e-15,-7.8121e-15,1.323e-14,8.5998e-15,-8.5998e-15,,,,,,,,,,,,,,,1.0,0.7,,,,,,,,,,,,,,,,,,,,,,,,,,,,,,,,,,,0,2,1,0,0,0,0,0,0,0,0,0,0,1,1,0,0,47Tuc,2SXPS,1.202e-14,2SXPS
13361,2SXPS J002246.1-720119,5.69219,-72.02212,1.6,1,306.05011,-44.93215,4.73,2.1,89.44,89.44,164606,2013-02-11 02:37:53,2017-08-21 15:38:38,382243083,525022738,2013-02-11 02:37:53,2017-08-21 15:38:38,382243083,525022738,2013-02-11 02:37:53,2017-08-21 15:38:38,382243083,525022738,77,2,8,3107330,1,1,1,1,0,0,0,0,0,0,0.0,0,0,0,,0.0007617,0.0001151,-0.0001151,-0.423,0.1064,-0.1194,-0.044,0.1761,-0.1875,0.0004256,8.093e-05,-8.093e-05,0.0001618,5.529e-05,-5.529e-05,0.0001222,6.315e-05,-6.315e-05,155,80.0,35.0,40.0,58.3,25.9,14.4,24.5,1.5,1.5,1.5,1.5,0.001077,0.0006584,0.0003243,0.0002864,0.003075,0.001302,-0.001063,0.002101,0.001622,-0.001093,0.001592,0.0009287,-0.0006855,0.0001049,5.052e-05,-4.535e-05,7.84e+20,0.946,0.992,0.948,0.99,1.0,1.0,0.234,0.222,0.222,0.222,1.0,1.0,2.0,2.0,2.838e-11,2.805e-11,2.162e-14,3.2664e-15,-3.2664e-15,2.136e-14,3.2282e-15,-3.2282e-15,1.839e-11,1.872e-11,1.401e-14,2.1172e-15,-2.1172e-15,1.425e-14,2.1541e-15,-2.1541e-15,8.7269e-14,3.6953e-14,-3.017e-14,8.625e-14,3.6522e-14,-2.9819e-14,5.6566e-14,2.395e-14,-1.9557e-14,5.7552e-14,2.437e-14,-1.9897e-14,4.357e-11,4.877e-11,3.318e-14,5.0146e-15,-5.0146e-15,3.715e-14,5.6136e-15,-5.6136e-15,2.186e-11,2.687e-11,1.665e-14,2.5163e-15,-2.5163e-15,2.047e-14,3.0932e-15,-3.0932e-15,,,,,,,,,,,,,,,,,,,,,,,,,,,,,0.0,0.0,2.838e-11,2.805e-11,412500000000000.0,1.3983e+21,-412540000000000.0,2.199,0.94734,-0.47681,2.162e-14,3.2664e-15,-3.2664e-15,2.136e-14,3.2282e-15,-3.2282e-15,30.9,26.0,1.52,1.839e-11,1.872e-11,108600000000000.0,4.8114e+20,-108560000000000.0,1.355,3.2885,-0.28613,1.401e-14,2.1172e-15,-2.1172e-15,1.425e-14,2.1541e-15,-2.1541e-15,32.9,26.0,1.72,0,6,1,0,0,0,0,0,0,0,0,0,1,1,1,0,1,47Tuc,2SXPS,2.162e-14,2SXPS
14125,2SXPS J002325.7-715651,5.85732,-71.94767,2.3,1,305.99513,-45.01362,8.13,3.4,60.79,60.79,158691,2013-02-11 02:37:53,2017-08-21 15:38:38,382243083,525022738,2013-02-11 02:37:53,2017-08-21 15:38:38,382243083,525022738,2013-02-11 02:37:53,2017-08-21 15:38:38,382243083,525022738,77,1,1,3107349,0,0,0,0,0,0,0,-1,2,1,0.0,0,0,0,,0.0001769,9.735e-05,-9.735e-05,0.002,0.3507,-0.4045,0.253,0.2776,-0.2667,1.264e-05,6.021e-05,-1.264e-05,4.082e-05,4.827e-05,-4.082e-05,6.988e-05,6.291e-05,-6.291e-05,82,28.0,20.0,34.0,60.3,26.5,15.0,25.4,1.56,1.56,1.56,1.56,0.0004073,0.0001672,0.000171,0.0002294,0.002962,0.002022,-0.001439,0.0007322,0.001246,-0.0006119,0.001574,0.00156,-0.0009553,0.0006279,0.001203,-0.0006018,7.82e+20,0.736,0.243,1.0,0.999,,,0.514,0.514,0.514,0.514,1.0,1.0,0.0,0.0,4.357e-11,4.876e-11,7.707e-15,4.241e-15,-4.241e-15,8.626e-15,4.7468e-15,-4.7468e-15,2.186e-11,2.687e-11,3.868e-15,2.1284e-15,-2.1284e-15,4.753e-15,2.6154e-15,-2.6154e-15,1.2903e-13,8.8111e-14,-6.27e-14,1.4442e-13,9.8619e-14,-7.0178e-14,6.4755e-14,4.422e-14,-3.1466e-14,7.9572e-14,5.4337e-14,-3.8666e-14,4.357e-11,4.876e-11,7.707e-15,4.241e-15,-4.241e-15,8.626e-15,4.7468e-15,-4.7468e-15,2.186e-11,2.687e-11,3.868e-15,2.1284e-15,-2.1284e-15,4.753e-15,2.6154e-15,-2.6154e-15,,,,,,,,,,,,,,,,,,,,,,,,,,,,,0.51,0.44,,,,,,,,,,,,,,,,,,,,,,,,,,,,,,,,,,,0,0,0,0,0,0,0,0,0,0,0,0,0,0,0,0,0,47Tuc,2SXPS,7.707e-15,2SXPS
14371,2SXPS J002312.6-715654,5.80291,-71.94858,2.8,1,306.0185,-45.01013,8.51,4.1,60.79,60.79,156526,2013-02-11 02:37:53,2017-08-21 15:38:38,382243083,525022738,2013-02-11 02:37:53,2017-08-21 15:38:38,382243083,525022738,2013-02-11 02:37:53,2017-08-21 15:38:38,382243083,525022738,77,1,1,3107377,0,0,0,0,0,0,0,-1,1,-1,0.0,0,0,0,,9.703e-05,9.438e-05,-9.438e-05,-0.214,0.391,-0.4306,0.133,0.4678,-0.3976,1.725e-05,6.027e-05,-1.725e-05,1.859e-05,4.625e-05,-1.859e-05,1e-05,5.964e-05,-1e-05,72,28.0,17.0,27.0,60.2,25.9,14.7,25.8,1.57,1.57,1.57,1.57,0.0003176,0.0001717,0.0001447,0.0001639,0.0001291,7.01e-05,-6.491e-05,1.725e-05,6.027e-05,-1.725e-05,1.859e-05,4.625e-05,-1.859e-05,1e-05,5.964e-05,-1e-05,7.81e+20,0.214,0.976,4.67e-05,0.573,1.0,1.0,0.99,0.99,0.99,0.99,1.0,1.0,0.0,0.0,4.356e-11,4.875e-11,4.227e-15,4.1115e-15,-4.1115e-15,4.73e-15,4.6013e-15,-4.6013e-15,2.186e-11,2.686e-11,2.121e-15,2.0635e-15,-2.0635e-15,2.606e-15,2.5351e-15,-2.5351e-15,5.6228e-15,3.0538e-15,-2.828e-15,6.2927e-15,3.4176e-15,-3.1648e-15,2.8221e-15,1.533e-15,-1.4193e-15,3.4669e-15,1.8829e-15,-1.7436e-15,4.356e-11,4.875e-11,4.227e-15,4.1115e-15,-4.1115e-15,4.73e-15,4.6013e-15,-4.6013e-15,2.186e-11,2.686e-11,2.121e-15,2.0635e-15,-2.0635e-15,2.606e-15,2.5351e-15,-2.5351e-15,,,,,,,,,,,,,,,,,,,,,,,,,,,,,0.48,0.36,,,,,,,,,,,,,,,,,,,,,,,,,,,,,,,,,,,0,3,0,0,0,0,0,0,0,0,0,0,0,1,0,0,0,47Tuc,2SXPS,4.227e-15,2SXPS
14871,2SXPS J002403.3-715548,6.01383,-71.93026,2.8,1,305.93101,-45.0382,8.55,4.1,54.39,54.39,152490,2013-02-11 02:37:53,2017-08-21 15:38:38,382243083,525022738,2013-02-11 02:37:53,2017-08-21 15:38:38,382243083,525022738,2013-02-11 02:37:53,2017-08-21 15:38:38,382243083,525022738,77,1,1,3107368,1,0,0,1,0,0,0,-1,-1,-1,0.0,0,0,0,,0.0002266,0.0001027,-0.0001027,0.027,0.447,-0.4405,0.517,0.217,-0.2004,0.0,4.44e-05,0.0,2.648e-05,4.952e-05,-2.648e-05,0.0001516,6.926e-05,-6.926e-05,84,25.0,18.0,41.0,57.7,26.3,14.9,23.4,1.65,1.65,1.65,1.65,0.0004832,0.0001525,0.0001607,0.0003398,0.0002241,7.925e-05,-7.362e-05,0.0,4.44e-05,0.0,2.648e-05,4.952e-05,-2.648e-05,0.0001364,5.624e-05,-5.062e-05,7.85e+20,0.962,0.971,1.0,0.986,,,1.0,1.0,1.0,1.0,1.0,1.0,0.0,0.0,4.357e-11,4.878e-11,9.871e-15,4.476e-15,-4.476e-15,1.105e-14,5.011e-15,-5.011e-15,2.186e-11,2.688e-11,4.953e-15,2.246e-15,-2.246e-15,6.089e-15,2.7612e-15,-2.7612e-15,9.762e-15,3.4526e-15,-3.208e-15,1.0929e-14,3.8653e-15,-3.5909e-15,4.8983e-15,1.732e-15,-1.6095e-15,6.0221e-15,2.1299e-15,-1.9787e-15,4.357e-11,4.878e-11,9.871e-15,4.476e-15,-4.476e-15,1.105e-14,5.011e-15,-5.011e-15,2.186e-11,2.688e-11,4.953e-15,2.246e-15,-2.246e-15,6.089e-15,2.7612e-15,-2.7612e-15,,,,,,,,,,,,,,,,,,,,,,,,,,,,,0.22,0.01,,,,,,,,,,,,,,,,,,,,,,,,,,,,,,,,,,,0,5,0,0,0,0,0,0,0,0,0,0,1,1,0,0,1,47Tuc,2SXPS,9.871e-15,2SXPS
14929,2SXPS J002245.4-721022,5.68919,-72.17294,2.5,1,306.01807,-44.78304,7.34,3.7,69.82,69.82,152045,2013-02-11 02:37:53,2017-08-21 15:38:38,382243083,525022738,2013-02-11 02:37:53,2017-08-21 15:38:38,382243083,525022738,2013-02-11 02:37:53,2017-08-21 15:38:38,382243083,525022738,77,2,4,3107341,1,0,1,0,0,0,0,2,0,0,0.0,0,0,0,,0.000332,0.0001042,-0.0001042,0.142,0.214,-0.2651,0.081,0.185,-0.2121,4.75e-05,6.223e-05,-4.75e-05,0.0001162,5.353e-05,-5.353e-05,0.0001088,6.704e-05,-6.704e-05,95,30.0,27.0,38.0,55.9,24.4,13.2,25.1,1.61,1.61,1.61,1.61,0.0006032,0.0002059,0.0002711,0.0002806,0.002048,0.001295,-0.0009566,5.171e-05,4.314e-05,-3.884e-05,0.004028,0.003804,-0.00233,0.0001061,5.393e-05,-4.844e-05,7.95e+20,0.731,0.713,0.956,0.536,0.416,8.93e-07,0.00313,0.00222,0.00222,0.00222,1.0,0.0848,0.0,0.0,4.359e-11,4.885e-11,1.447e-14,4.5429e-15,-4.5429e-15,1.622e-14,5.0911e-15,-5.0911e-15,2.186e-11,2.693e-11,7.256e-15,2.278e-15,-2.278e-15,8.94e-15,2.8067e-15,-2.8067e-15,8.9271e-14,5.6465e-14,-4.169e-14,1.0004e-13,6.3279e-14,-4.6726e-14,4.4765e-14,2.831e-14,-2.0907e-14,5.5154e-14,3.4885e-14,-2.576e-14,4.359e-11,4.885e-11,1.447e-14,4.5429e-15,-4.5429e-15,1.622e-14,5.0911e-15,-5.0911e-15,2.186e-11,2.693e-11,7.256e-15,2.278e-15,-2.278e-15,8.94e-15,2.8067e-15,-2.8067e-15,,,,,,,,,,,,,,,,,,,,,,,,,,,,,0.91,0.88,,,,,,,,,,,,,,,,,,,,,,,,,,,,,,,,,,,0,4,1,0,0,0,0,0,0,0,0,0,1,1,1,0,0,47Tuc,2SXPS,1.447e-14,2SXPS
15479,2SXPS J002327.9-721318,5.86645,-72.22179,2.5,1,305.93202,-44.74316,9.6,3.7,81.7,93.15,147527,2013-02-11 02:37:53,2017-08-21 15:38:38,382243083,525022738,2013-02-11 02:37:53,2017-08-21 15:38:38,382243083,525022738,2013-02-11 02:37:53,2017-08-21 15:38:38,382243083,525022738,77,1,1,3107383,0,0,0,0,0,0,0,-1,-1,-1,0.0,0,0,0,,0.0001293,0.0001001,-0.0001001,-0.335,0.1794,-0.6654,0.666,0.3344,-0.0983,0.0,4.441e-05,0.0,0.0,3.262e-05,0.0,8.683e-05,6.715e-05,-6.715e-05,72,25.0,13.0,34.0,57.3,26.6,14.6,24.1,1.68,1.68,1.68,1.68,0.0003649,0.0001541,0.000119,0.0002585,0.0001808,7.744e-05,-7.167e-05,0.0,4.441e-05,0.0,0.0,3.262e-05,0.0,8.683e-05,6.715e-05,-6.715e-05,8.03e+20,0.935,0.671,0.947,0.868,0.000513,0.000513,0.992,0.992,0.992,0.992,1.0,1.0,0.0,0.0,4.36e-11,4.891e-11,5.64e-15,4.3664e-15,-4.3664e-15,6.326e-15,4.8976e-15,-4.8976e-15,2.185e-11,2.698e-11,2.826e-15,2.1882e-15,-2.1882e-15,3.489e-15,2.7013e-15,-2.7013e-15,7.8851e-15,3.3766e-15,-3.125e-15,8.8444e-15,3.7874e-15,-3.5053e-15,3.9517e-15,1.692e-15,-1.5662e-15,4.8782e-15,2.089e-15,-1.9334e-15,4.36e-11,4.891e-11,5.64e-15,4.3664e-15,-4.3664e-15,6.326e-15,4.8976e-15,-4.8976e-15,2.185e-11,2.698e-11,2.826e-15,2.1882e-15,-2.1882e-15,3.489e-15,2.7013e-15,-2.7013e-15,,,,,,,,,,,,,,,,,,,,,,,,,,,,,0.07,0.02,,,,,,,,,,,,,,,,,,,,,,,,,,,,,,,,,,,0,1,0,0,0,0,0,0,0,0,0,0,0,1,0,0,0,47Tuc,2SXPS,5.64e-15,2SXPS
16207,2SXPS J002317.4-715525,5.82277,-71.92373,2.4,1,306.01532,-45.03563,9.53,3.4,85.13,85.13,142241,2013-02-11 02:37:53,2017-08-21 15:38:38,382243083,525022738,2013-02-11 02:37:53,2017-08-21 15:38:38,382243083,525022738,2013-02-11 02:37:53,2017-08-21 15:38:38,382243083,525022738,76,1,3,3107350,1,0,0,0,0,0,0,-1,0,2,0.0,0,0,0,,0.0003469,0.0001125,-0.0001125,-0.154,0.1752,-0.214,-0.037,0.2311,-0.2268,0.0001231,7.241e-05,-7.241e-05,0.0001037,5.79e-05,-5.79e-05,5.46e-05,6.834e-05,-5.46e-05,92,37.0,25.0,30.0,54.7,23.8,13.8,24.1,1.76,1.76,1.76,1.76,0.0006396,0.0003101,0.0002635,0.0002287,0.007599,0.005779,-0.003888,0.005085,0.004988,-0.003052,0.003465,0.002534,-0.001706,0.002622,0.004036,-0.001966,7.8e+20,0.344,0.986,0.00773,0.682,0.0,1.0,0.122,0.122,0.122,0.122,1.09e-05,1.0,0.0,0.0,4.356e-11,4.874e-11,1.511e-14,4.9006e-15,-4.9006e-15,1.691e-14,5.4836e-15,-5.4836e-15,2.186e-11,2.685e-11,7.585e-15,2.4598e-15,-2.4598e-15,9.316e-15,3.021e-15,-3.021e-15,3.3102e-13,2.5172e-13,-1.694e-13,3.7041e-13,2.8167e-13,-1.8953e-13,1.6615e-13,1.263e-13,-8.5016e-14,2.0406e-13,1.5518e-13,-1.0441e-13,4.356e-11,4.874e-11,1.511e-14,4.9006e-15,-4.9006e-15,1.691e-14,5.4836e-15,-5.4836e-15,2.186e-11,2.685e-11,7.585e-15,2.4598e-15,-2.4598e-15,9.316e-15,3.021e-15,-3.021e-15,,,,,,,,,,,,,,,,,,,,,,,,,,,,,0.36,0.08,,,,,,,,,,,,,,,,,,,,,,,,,,,,,,,,,,,0,2,0,0,0,0,0,0,0,0,0,0,0,1,0,0,0,47Tuc,2SXPS,1.511e-14,2SXPS
17490,2SXPS J002255.0-715557,5.72932,-71.9325,1.4,1,306.05391,-45.02246,9.03,1.8,36.21,36.21,134563,2013-02-11 02:37:53,2017-08-21 15:38:38,382243083,525022738,2013-02-11 02:37:53,2017-08-21 15:38:38,382243083,525022738,2013-02-11 02:37:53,2017-08-21 15:38:38,382243083,525022738,76,5,17,3107323,1,1,1,1,0,0,0,0,0,0,0.0,0,0,0,,0.001645,0.0001726,-0.0001726,0.077,0.1021,-0.1094,0.117,0.0923,-0.0957,0.0003931,9.616e-05,-9.616e-05,0.0005258,9.228e-05,-9.228e-05,0.0006291,0.0001096,-0.0001096,207,60.0,63.0,83.0,53.2,22.8,13.2,23.7,2.01,2.0,2.0,2.0,0.002163,0.0006685,0.0008071,0.0009482,0.00671,0.002514,-0.002033,0.002732,0.001709,-0.001216,0.005941,0.003686,-0.002623,0.002976,0.001401,-0.001086,7.78e+20,0.0141,0.864,0.472,0.231,1.0,2.35e-09,4.14e-09,4.46e-06,4.46e-06,1.39e-06,1.0,0.00208,2.0,0.0,3.882e-11,4.201e-11,6.388e-14,6.6997e-15,-6.6997e-15,6.913e-14,7.2503e-15,-7.2503e-15,2.187e-11,2.685e-11,3.598e-14,3.7735e-15,-3.7735e-15,4.417e-14,4.633e-15,-4.633e-15,2.6048e-13,9.76e-14,-7.894e-14,2.8188e-13,1.0562e-13,-8.5429e-14,1.4671e-13,5.497e-14,-4.4462e-14,1.8013e-13,6.7493e-14,-5.459e-14,4.356e-11,4.873e-11,7.167e-14,7.5172e-15,-7.5172e-15,8.019e-14,8.4103e-15,-8.4103e-15,2.187e-11,2.685e-11,3.598e-14,3.7735e-15,-3.7735e-15,4.417e-14,4.633e-15,-4.633e-15,,,,,,,,,,,,,,,,,,,,,,,,,,,,,0.15,0.1,3.882e-11,4.201e-11,7.61e+20,3.6595e+21,-7.6104e+20,1.492,0.90321,-0.53873,6.388e-14,6.6997e-15,-6.6997e-15,6.913e-14,7.2503e-15,-7.2503e-15,52.6,49.0,1.56,,,,,,,,,,,,,,,,,,0,0,0,0,0,0,0,0,0,0,0,0,0,0,0,0,0,47Tuc,2SXPS,6.388e-14,2SXPS
17568,2SXPS J002522.2-721200,6.34258,-72.20012,2.2,1,305.73388,-44.78604,9.6,3.2,67.02,67.02,133704,2013-02-11 02:37:53,2017-08-21 15:38:38,382243083,525022738,2013-02-11 02:37:53,2017-08-21 15:38:38,382243083,525022738,2013-02-11 02:37:53,2017-08-21 15:38:38,382243083,525022738,75,1,2,3107352,1,0,0,1,0,0,0,-1,-1,0,0.0,0,0,0,,0.0004943,0.0001231,-0.0001231,-0.237,0.225,-0.2216,0.488,0.1691,-0.1489,8.967e-05,7.527e-05,-7.527e-05,5.968e-05,5.814e-05,-5.814e-05,0.000252,8.383e-05,-8.383e-05,101,33.0,20.0,48.0,51.4,24.0,14.0,22.7,1.84,1.84,1.84,1.84,0.0008218,0.0002819,0.000218,0.0004877,0.005042,0.003785,-0.002548,8.967e-05,7.527e-05,-7.527e-05,0.001675,0.00264,-0.001286,0.003385,0.003265,-0.002001,8.13e+20,0.108,0.506,0.0619,0.165,0.498,0.665,0.943,0.943,0.943,0.943,,,0.0,0.0,4.363e-11,4.899e-11,2.156e-14,5.3691e-15,-5.3691e-15,2.421e-14,6.0289e-15,-6.0289e-15,2.185e-11,2.704e-11,1.08e-14,2.6887e-15,-2.6887e-15,1.336e-14,3.3273e-15,-3.3273e-15,2.1995e-13,1.651e-13,-1.112e-13,2.4698e-13,1.8539e-13,-1.2483e-13,1.1015e-13,8.268e-14,-5.5671e-14,1.3631e-13,1.0232e-13,-6.8893e-14,4.363e-11,4.899e-11,2.156e-14,5.3691e-15,-5.3691e-15,2.421e-14,6.0289e-15,-6.0289e-15,2.185e-11,2.704e-11,1.08e-14,2.6887e-15,-2.6887e-15,1.336e-14,3.3273e-15,-3.3273e-15,,,,,,,,,,,,,,,,,,,,,,,,,,,,,0.0,0.0,,,,,,,,,,,,,,,,,,,,,,,,,,,,,,,,,,,0,3,1,0,0,0,0,0,0,0,0,0,0,1,1,0,0,47Tuc,2SXPS,2.156e-14,2SXPS
17733,2SXPS J002520.0-715548,6.33348,-71.93012,2.4,1,305.79223,-45.05288,10.14,3.5,109.65,109.65,132795,2013-02-11 02:37:53,2017-08-21 15:38:38,382243083,525022738,2013-02-11 02:37:53,2017-08-21 15:38:38,382243083,525022738,2013-02-11 02:37:53,2017-08-21 15:38:38,382243083,525022738,73,1,3,3107353,1,0,0,1,0,0,0,-1,-1,0,0.0,0,0,0,,0.0005198,0.0001638,-0.0001638,-0.305,0.2007,-0.2399,0.564,0.1615,-0.1353,7.209e-05,9.855e-05,-7.209e-05,2.419e-05,7.496e-05,-2.419e-05,0.000316,0.0001141,-0.0001141,86,27.0,15.0,44.0,49.1,21.9,13.3,21.6,2.65,2.65,2.65,2.65,0.0009506,0.000326,0.0002322,0.0006369,0.02725,0.01321,-0.01002,0.02712,0.0132,-0.01003,2.419e-05,7.496e-05,-2.419e-05,0.000316,0.0001141,-0.0001141,7.92e+20,5.13e-05,4.08e-09,0.573,0.885,,,0.00126,0.00126,0.00126,0.00126,1.0,0.987,0.0,0.0,4.358e-11,4.883e-11,2.265e-14,7.1404e-15,-7.1404e-15,2.538e-14,7.9998e-15,-7.9998e-15,2.186e-11,2.691e-11,1.136e-14,3.5812e-15,-3.5812e-15,1.399e-14,4.4097e-15,-4.4097e-15,1.1877e-12,5.757e-13,-4.367e-13,1.3306e-12,6.4498e-13,-4.893e-13,5.9568e-13,2.887e-13,-2.1904e-13,7.3348e-13,3.5553e-13,-2.6971e-13,4.358e-11,4.883e-11,2.265e-14,7.1404e-15,-7.1404e-15,2.538e-14,7.9998e-15,-7.9998e-15,2.186e-11,2.691e-11,1.136e-14,3.5812e-15,-3.5812e-15,1.399e-14,4.4097e-15,-4.4097e-15,,,,,,,,,,,,,,,,,,,,,,,,,,,,,0.0,0.0,,,,,,,,,,,,,,,,,,,,,,,,,,,,,,,,,,,0,5,1,0,0,0,0,0,0,0,0,0,1,1,1,0,1,47Tuc,2SXPS,2.265e-14,2SXPS
18203,2SXPS J002433.8-715408,6.1411,-71.90226,3.2,1,305.88161,-45.07176,10.22,4.8,131.48,131.48,130513,2013-02-11 02:37:53,2017-08-21 15:38:38,382243083,525022738,2013-02-11 02:37:53,2017-08-21 15:38:38,382243083,525022738,2013-02-11 02:37:53,2017-08-21 15:38:38,382243083,525022738,74,1,1,3107379,0,0,0,0,0,0,0,-1,2,-1,0.0,0,0,0,,7.829e-05,0.0001036,-7.829e-05,-0.009,0.405,-0.4746,0.16,0.355,-0.3688,0.0,4.292e-05,0.0,1.205e-05,5.355e-05,-1.205e-05,9.375e-06,6.627e-05,-9.375e-06,54,19.0,14.0,21.0,46.4,21.4,12.8,20.1,1.95,1.95,1.95,1.95,0.0003259,0.0001568,0.0001621,0.0001855,6.434e-05,5.916e-05,-5.486e-05,0.0,4.292e-05,0.0,1.205e-05,5.355e-05,-1.205e-05,9.375e-06,6.627e-05,-9.375e-06,7.86e+20,0.254,3.59e-06,0.544,0.772,,,0.996,0.996,0.996,0.996,1.0,1.0,1.0,0.0,2.094e-10,3.435e-10,1.639e-14,2.1691e-14,-1.6394e-14,2.689e-14,3.5583e-14,-2.6893e-14,2.186e-11,2.688e-11,1.712e-15,2.2647e-15,-1.7116e-15,2.105e-15,2.7848e-15,-2.1047e-15,1.3472e-14,1.2387e-14,-1.149e-14,2.21e-14,2.0321e-14,-1.8846e-14,1.4065e-15,1.293e-15,-1.1994e-15,1.7295e-15,1.5903e-15,-1.4749e-15,4.357e-11,4.878e-11,3.411e-15,4.5136e-15,-3.4113e-15,3.819e-15,5.0535e-15,-3.8193e-15,2.186e-11,2.688e-11,1.712e-15,2.2647e-15,-1.7116e-15,2.105e-15,2.7848e-15,-2.1047e-15,2.094e-10,3.435e-10,9.909e+20,1.313e+22,1.0,0.3932,1.4478,-1.34,1.639e-14,2.1691e-14,-1.6394e-14,2.689e-14,3.5583e-14,-2.6893e-14,,,,,,,,,,,,,,,1.0,0.72,,,,,,,,,,,,,,,,,,,,,,,,,,,,,,,,,,,0,4,0,0,0,0,0,0,0,0,0,0,1,1,0,0,1,47Tuc,2SXPS,1.639e-14,2SXPS
18275,2SXPS J002259.1-715526,5.74656,-71.92399,2.7,1,306.04832,-45.03171,10.02,4.0,36.21,36.21,130164,2013-02-11 02:37:53,2017-08-21 15:38:38,382243083,525022738,2013-02-11 02:37:53,2017-08-21 15:38:38,382243083,525022738,2013-02-11 02:37:53,2017-08-21 15:38:38,382243083,525022738,75,1,3,3107357,1,0,1,1,0,0,0,-1,-1,-1,0.0,0,0,0,,0.0006142,0.0001628,-0.0001628,-0.049,0.1683,-0.1892,0.307,0.1477,-0.1355,0.0001145,9.427e-05,-9.427e-05,0.0001563,7.962e-05,-7.962e-05,0.0002985,0.0001089,-0.0001089,103,31.0,25.0,47.0,55.5,22.1,12.9,23.9,2.44,2.44,2.44,2.44,0.001043,0.0003576,0.0003815,0.0006013,0.004805,0.003742,-0.002518,0.001321,0.002205,-0.00108,0.0001563,7.962e-05,-7.962e-05,0.002227,0.001527,-0.001087,7.78e+20,0.576,0.962,0.0679,0.964,0.212,1.0,0.987,0.987,0.987,0.987,0.85,0.73,0.0,0.0,4.356e-11,4.873e-11,2.675e-14,7.091e-15,-7.091e-15,2.993e-14,7.9333e-15,-7.9333e-15,2.187e-11,2.685e-11,1.343e-14,3.5596e-15,-3.5596e-15,1.649e-14,4.3702e-15,-4.3702e-15,2.0929e-13,1.6302e-13,-1.097e-13,2.3415e-13,1.8238e-13,-1.2272e-13,1.0506e-13,8.183e-14,-5.5062e-14,1.2898e-13,1.0047e-13,-6.7601e-14,4.356e-11,4.873e-11,2.675e-14,7.091e-15,-7.091e-15,2.993e-14,7.9333e-15,-7.9333e-15,2.187e-11,2.685e-11,1.343e-14,3.5596e-15,-3.5596e-15,1.649e-14,4.3702e-15,-4.3702e-15,,,,,,,,,,,,,,,,,,,,,,,,,,,,,0.01,0.01,,,,,,,,,,,,,,,,,,,,,,,,,,,,,,,,,,,0,3,0,0,0,0,0,0,0,0,0,0,0,1,0,0,0,47Tuc,2SXPS,2.675e-14,2SXPS
18340,2SXPS J002200.0-720719,5.50017,-72.12203,2.5,1,306.11008,-44.82412,10.13,3.6,190.51,190.51,129753,2013-02-11 02:37:53,2017-08-21 15:38:38,382243083,525022738,2013-02-11 02:37:53,2017-08-21 15:38:38,382243083,525022738,2013-02-11 02:37:53,2017-08-21 15:38:38,382243083,525022738,76,1,1,3107360,1,0,1,0,0,0,0,-1,1,0,0.0,0,0,0,,0.000304,0.0001196,-0.0001196,0.242,0.2323,-0.2164,-0.091,0.1954,-0.2178,1.702e-05,7.217e-05,-1.702e-05,0.000148,6.527e-05,-6.527e-05,6.306e-05,7.515e-05,-6.306e-05,75,23.0,25.0,27.0,46.9,21.4,11.3,21.2,2.03,2.03,2.03,2.03,0.0006146,0.0002063,0.0003417,0.0002573,0.0002998,8.93e-05,-8.271e-05,1.702e-05,7.217e-05,-1.702e-05,0.000148,6.527e-05,-6.527e-05,4.955e-05,4.539e-05,-4.072e-05,7.87e+20,0.997,0.948,1.0,0.579,0.422,0.422,0.966,0.966,0.966,0.966,1.0,1.0,1.0,1.0,4.497e-11,5.09e-11,1.367e-14,5.3763e-15,-5.3763e-15,1.547e-14,6.0857e-15,-6.0857e-15,4.397e-11,4.584e-11,1.336e-14,5.2571e-15,-5.2571e-15,1.393e-14,5.4811e-15,-5.4811e-15,1.3483e-14,4.0156e-15,-3.719e-15,1.5262e-14,4.5455e-15,-4.2101e-15,1.3184e-14,3.927e-15,-3.6368e-15,1.3746e-14,4.0939e-15,-3.7918e-15,4.357e-11,4.879e-11,1.324e-14,5.2096e-15,-5.2096e-15,1.483e-14,5.8335e-15,-5.8335e-15,2.186e-11,2.689e-11,6.645e-15,2.6137e-15,-2.6137e-15,8.173e-15,3.2148e-15,-3.2148e-15,4.497e-11,5.09e-11,9.57e+20,2.5522e+21,1.0,1.66,0.64507,1.0,1.367e-14,5.3763e-15,-5.3763e-15,1.547e-14,6.0857e-15,-6.0857e-15,4.397e-11,4.584e-11,3.436e+20,2.0031e+21,1.0,7.897,-1.0,1.0,1.336e-14,5.2571e-15,-5.2571e-15,1.393e-14,5.4811e-15,-5.4811e-15,1.0,1.0,,,,,,,,,,,,,,,,,,,,,,,,,,,,,,,,,,,0,1,1,0,0,0,0,0,0,0,0,0,0,0,1,0,0,47Tuc,2SXPS,1.367e-14,2SXPS
18517,2SXPS J002402.6-715354,6.01087,-71.89837,3.1,1,305.93907,-45.06958,10.14,4.5,114.83,114.83,128809,2013-02-11 02:37:53,2017-08-21 15:38:38,382243083,525022738,2013-02-11 02:37:53,2017-08-21 15:38:38,382243083,525022738,2013-02-11 02:37:53,2017-08-21 15:38:38,382243083,525022738,74,1,1,3107351,1,0,0,0,0,0,0,2,2,2,0.0,0,0,0,,0.0003369,0.0001186,-0.0001186,-0.335,0.2025,-0.2249,0.267,0.2512,-0.2001,0.0001158,7.751e-05,-7.751e-05,4.784e-05,5.777e-05,-4.784e-05,8.934e-05,7.491e-05,-7.491e-05,78,32.0,17.0,29.0,46.3,21.1,12.5,20.6,2.0,2.0,2.0,2.0,0.000648,0.0003178,0.0002075,0.0002841,0.008747,0.005534,-0.003938,0.003317,0.005161,-0.002515,4.398e-05,3.903e-05,-3.397e-05,0.003197,0.005144,-0.002512,7.82e+20,0.26,0.899,0.976,0.529,1.0,0.372,0.759,0.759,0.759,0.759,1.0,1.0,0.0,0.0,4.357e-11,4.876e-11,1.468e-14,5.1665e-15,-5.1665e-15,1.643e-14,5.7826e-15,-5.7826e-15,2.186e-11,2.687e-11,7.365e-15,2.5928e-15,-2.5928e-15,9.05e-15,3.1861e-15,-3.1861e-15,3.8108e-13,2.4111e-13,-1.716e-13,4.2652e-13,2.6986e-13,-1.9203e-13,1.9124e-13,1.21e-13,-8.6105e-14,2.35e-13,1.4869e-13,-1.0581e-13,4.357e-11,4.876e-11,1.468e-14,5.1665e-15,-5.1665e-15,1.643e-14,5.7826e-15,-5.7826e-15,2.186e-11,2.687e-11,7.365e-15,2.5928e-15,-2.5928e-15,9.05e-15,3.1861e-15,-3.1861e-15,,,,,,,,,,,,,,,,,,,,,,,,,,,,,0.0,0.0,,,,,,,,,,,,,,,,,,,,,,,,,,,,,,,,,,,0,4,0,0,0,0,0,0,0,0,0,0,1,1,0,0,0,47Tuc,2SXPS,1.468e-14,2SXPS
19791,2SXPS J002618.5-720135,6.57746,-72.02643,2.2,1,305.66739,-44.96812,10.31,3.1,196.29,196.29,121544,2013-02-11 02:37:53,2017-08-21 15:38:38,382243083,525022738,2013-02-11 02:37:53,2017-08-21 15:38:38,382243083,525022738,2013-02-11 02:37:53,2017-08-21 15:38:38,382243083,525022738,71,1,1,3107345,1,0,0,1,0,0,0,-1,2,0,0.0,0,0,0,,0.0004962,0.0001269,-0.0001269,-0.08,0.3011,-0.3228,0.625,0.1572,-0.1191,1.806e-05,7.137e-05,-1.806e-05,4.32e-05,5.743e-05,-4.32e-05,0.0003487,9.324e-05,-9.324e-05,86,21.0,15.0,50.0,41.8,19.4,11.2,18.9,1.97,1.97,1.97,1.97,0.0008395,0.0002073,0.0002047,0.0006189,0.005642,0.00378,-0.00269,0.001342,0.002319,-0.001142,0.002993,0.002916,-0.001787,0.0003487,9.324e-05,-9.324e-05,8.05e+20,0.994,1.0,0.339,0.993,0.596,0.0981,0.959,0.959,0.959,0.959,1.0,1.0,0.0,0.0,4.361e-11,4.893e-11,2.164e-14,5.5361e-15,-5.5361e-15,2.428e-14,6.2113e-15,-6.2113e-15,2.185e-11,2.699e-11,1.084e-14,2.7739e-15,-2.7739e-15,1.339e-14,3.4264e-15,-3.4264e-15,2.4606e-13,1.6484e-13,-1.173e-13,2.7607e-13,1.8494e-13,-1.3161e-13,1.2329e-13,8.26e-14,-5.8776e-14,1.5229e-13,1.0202e-13,-7.2601e-14,4.361e-11,4.893e-11,2.164e-14,5.5361e-15,-5.5361e-15,2.428e-14,6.2113e-15,-6.2113e-15,2.185e-11,2.699e-11,1.084e-14,2.7739e-15,-2.7739e-15,1.339e-14,3.4264e-15,-3.4264e-15,,,,,,,,,,,,,,,,,,,,,,,,,,,,,0.0,0.0,,,,,,,,,,,,,,,,,,,,,,,,,,,,,,,,,,,0,2,1,0,0,0,0,0,0,0,0,0,0,0,1,0,1,47Tuc,2SXPS,2.164e-14,2SXPS
20579,2SXPS J002517.3-721303,6.32224,-72.21767,2.9,1,305.73902,-44.76779,10.11,4.2,67.02,67.02,117500,2013-02-11 02:37:53,2017-08-21 15:38:38,382243083,525022738,2013-02-11 02:37:53,2017-08-21 15:38:38,382243083,525022738,2013-02-11 02:37:53,2017-08-21 15:38:38,382243083,525022738,74,1,1,3107373,0,0,0,0,0,0,0,-1,-1,0,0.0,0,0,0,,0.0002979,0.0001927,-0.0001927,-0.429,0.2203,-0.2478,0.534,0.1935,-0.1872,3.036e-05,0.0001241,-3.036e-05,0.0,5.848e-05,0.0,0.0001504,0.0001286,-0.0001286,64,24.0,11.0,29.0,47.7,22.3,13.4,20.8,3.35,3.35,3.35,3.35,0.0007605,0.0003543,0.000224,0.0004843,0.000203,9.17e-05,-8.445e-05,3.036e-05,0.0001241,-3.036e-05,0.0,5.848e-05,0.0,9.924e-05,6.123e-05,-5.427e-05,8.14e+20,0.0317,1.0,5.02e-11,1.85e-05,1.0,0.393,2.13e-09,2.13e-09,2.13e-09,2.13e-09,1.0,1.0,0.0,0.0,4.363e-11,4.899e-11,1.3e-14,8.4063e-15,-8.4063e-15,1.459e-14,9.4402e-15,-9.4402e-15,2.185e-11,2.704e-11,6.508e-15,4.2095e-15,-4.2095e-15,8.055e-15,5.2103e-15,-5.2103e-15,8.8577e-15,4.0004e-15,-3.684e-15,9.9471e-15,4.4924e-15,-4.1372e-15,4.4355e-15,2.003e-15,-1.8448e-15,5.4901e-15,2.4795e-15,-2.2835e-15,4.363e-11,4.899e-11,1.3e-14,8.4063e-15,-8.4063e-15,1.459e-14,9.4402e-15,-9.4402e-15,2.185e-11,2.704e-11,6.508e-15,4.2095e-15,-4.2095e-15,8.055e-15,5.2103e-15,-5.2103e-15,,,,,,,,,,,,,,,,,,,,,,,,,,,,,0.0,0.0,,,,,,,,,,,,,,,,,,,,,,,,,,,,,,,,,,,0,2,0,0,0,0,0,0,0,0,0,0,0,1,0,0,0,47Tuc,2SXPS,1.3e-14,2SXPS
20940,2SXPS J002602.8-715822,6.51202,-71.97286,1.6,1,305.7062,-45.01837,10.47,2.2,156.37,206.13,115802,2013-02-11 02:37:53,2017-08-21 15:38:38,382243083,525022738,2013-02-11 02:37:53,2017-08-21 15:38:38,382243083,525022738,2013-02-11 02:37:53,2017-08-21 15:38:38,382243083,525022738,67,1,6,3107329,1,1,1,0,0,0,0,0,0,0,0.0,0,0,0,,0.0009608,0.0001535,-0.0001535,0.061,0.1113,-0.125,-0.51,0.1418,-0.1432,0.0003489,9.894e-05,-9.894e-05,0.0004568,9.374e-05,-9.374e-05,5.631e-05,7.85e-05,-5.631e-05,123,49.0,50.0,24.0,42.5,19.8,11.7,19.3,2.06,2.06,2.06,2.06,0.00139,0.0006335,0.0007439,0.0002616,0.005389,0.003618,-0.002575,0.001647,0.001099,-0.0007823,0.004297,0.003236,-0.002179,4.83e-05,4.688e-05,-4.188e-05,8e+20,0.44,0.99,0.361,0.532,0.308,1.0,0.49,0.49,0.49,0.49,0.148,1.0,2.0,2.0,1.937e-11,1.01e-10,1.861e-14,2.9726e-15,-2.9726e-15,9.703e-14,1.55e-14,-1.55e-14,2.624e-11,2.848e-11,2.521e-14,4.0275e-15,-4.0275e-15,2.737e-14,4.3715e-15,-4.3715e-15,1.0437e-13,7.0077e-14,-4.987e-14,5.4423e-13,3.6541e-13,-2.6003e-13,1.4141e-13,9.495e-14,-6.7565e-14,1.5349e-13,1.0306e-13,-7.3336e-14,4.36e-11,4.888e-11,4.189e-14,6.6914e-15,-6.6914e-15,4.697e-14,7.5028e-15,-7.5028e-15,2.185e-11,2.696e-11,2.1e-14,3.3542e-15,-3.3542e-15,2.59e-14,4.1375e-15,-4.1375e-15,2.821e-11,6.807e-11,2.33e+21,1.5345e+21,-1.0594e+21,2.916,0.72772,-0.53783,2.71e-14,4.3299e-15,-4.3299e-15,6.54e-14,1.0448e-14,-1.0448e-14,,,,,,,,,,,,,,,1.0,0.42,1.937e-11,1.01e-10,4.277e+21,5.3611e+21,-4.2771e+21,3.461,4.0212,-2.2707,1.861e-14,2.9726e-15,-2.9726e-15,9.703e-14,1.55e-14,-1.55e-14,18.7,18.0,1.43,2.624e-11,2.848e-11,4.5e+20,2.3049e+21,-4.5001e+20,2.732,-2.732,-1.2119,2.521e-14,4.0275e-15,-4.0275e-15,2.737e-14,4.3715e-15,-4.3715e-15,19.3,18.0,1.36,0,5,0,0,0,0,0,0,0,0,0,0,1,1,0,0,1,47Tuc,2SXPS,1.861e-14,2SXPS
29962,2SXPS J002219.2-715550,5.5804,-71.9306,2.7,1,306.11886,-45.01704,10.85,3.9,73.0,126.31,83785,2013-02-11 02:37:53,2017-08-21 15:38:38,382243083,525022738,2013-02-11 02:37:53,2017-08-21 15:38:38,382243083,525022738,2013-02-11 02:37:53,2017-08-21 15:38:38,382243083,525022738,59,1,2,3107366,1,0,0,1,0,0,0,-1,2,0,0.0,0,0,0,,0.0009027,0.0003934,-0.0003934,-0.297,0.1906,-0.2301,0.538,0.1599,-0.1423,7.987e-05,0.000237,-7.987e-05,3.771e-05,0.000173,-3.771e-05,0.0005936,0.0002769,-0.0002769,55,17.0,9.0,29.0,33.4,15.1,8.1,14.8,6.65,6.65,6.65,6.65,0.001943,0.0007257,0.0005584,0.001383,0.003557,0.002371,-0.001687,7.987e-05,0.000237,-7.987e-05,0.00185,0.001774,-0.001086,0.002755,0.002119,-0.001428,7.75e+20,0.0423,0.00314,1.77e-08,0.122,0.0376,1.0,0.466,0.466,0.466,0.466,,,0.0,0.0,4.355e-11,4.871e-11,3.931e-14,1.7133e-14,-1.7133e-14,4.397e-14,1.9162e-14,-1.9162e-14,2.187e-11,2.683e-11,1.974e-14,8.6024e-15,-8.6024e-15,2.422e-14,1.0554e-14,-1.0554e-14,1.5492e-13,1.0327e-13,-7.349e-14,1.7326e-13,1.1549e-13,-8.2187e-14,7.7785e-14,5.185e-14,-3.6897e-14,9.5432e-14,6.3612e-14,-4.5267e-14,4.355e-11,4.871e-11,3.931e-14,1.7133e-14,-1.7133e-14,4.397e-14,1.9162e-14,-1.9162e-14,2.187e-11,2.683e-11,1.974e-14,8.6024e-15,-8.6024e-15,2.422e-14,1.0554e-14,-1.0554e-14,,,,,,,,,,,,,,,,,,,,,,,,,,,,,0.0,0.0,,,,,,,,,,,,,,,,,,,,,,,,,,,,,,,,,,,0,2,0,0,0,0,0,0,0,0,0,0,0,1,0,0,1,47Tuc,2SXPS,3.931e-14,2SXPS
32906,2SXPS J002142.0-715959,5.42501,-71.99984,3.8,1,306.17021,-44.94096,10.9,5.7,225.02,232.98,76867,2013-02-11 02:37:53,2017-08-21 15:38:38,382243083,525022738,2013-02-11 02:37:53,2017-08-21 15:38:38,382243083,525022738,2013-02-11 02:37:53,2017-08-21 15:38:38,382243083,525022738,57,1,2,3107385,0,0,0,0,0,0,0,-1,-1,-1,0.0,0,0,0,,0.0003416,0.0002044,-0.0002044,-0.158,0.2254,-0.2323,0.026,0.2527,-0.2502,9.629e-05,0.0001332,-9.629e-05,0.0001008,0.0001064,-0.0001008,2.43e-05,0.0001255,-2.43e-05,40,16.0,11.0,13.0,26.4,12.2,6.98,12.0,3.76,3.76,3.76,3.76,0.0008633,0.0004662,0.0004217,0.00038,0.005408,0.004148,-0.002791,0.001652,0.002849,-0.001401,0.00181,0.002887,-0.001411,0.001741,0.002874,-0.001407,7.76e+20,0.377,0.998,0.399,0.868,,,0.0344,0.0344,0.0344,0.0344,,,0.0,0.0,4.355e-11,4.872e-11,1.488e-14,8.9047e-15,-8.9047e-15,1.664e-14,9.9605e-15,-9.9605e-15,2.187e-11,2.684e-11,7.469e-15,4.4706e-15,-4.4706e-15,9.166e-15,5.4864e-15,-5.4864e-15,2.3554e-13,1.8064e-13,-1.216e-13,2.6346e-13,2.0206e-13,-1.3596e-13,1.1825e-13,9.069e-14,-6.1025e-14,1.4512e-13,1.113e-13,-7.4891e-14,4.355e-11,4.872e-11,1.488e-14,8.9047e-15,-8.9047e-15,1.664e-14,9.9605e-15,-9.9605e-15,2.187e-11,2.684e-11,7.469e-15,4.4706e-15,-4.4706e-15,9.166e-15,5.4864e-15,-5.4864e-15,,,,,,,,,,,,,,,,,,,,,,,,,,,,,0.29,0.1,,,,,,,,,,,,,,,,,,,,,,,,,,,,,,,,,,,0,2,1,0,0,0,0,0,0,0,0,0,0,1,1,0,0,47Tuc,2SXPS,1.488e-14,2SXPS
34317,2SXPS J002610.5-721127,6.54413,-72.19105,4.8,1,305.64969,-44.80366,10.96,7.3,224.24,224.24,73743,2013-02-11 02:37:53,2017-08-21 15:38:38,382243083,525022738,2013-02-11 02:37:53,2017-08-21 15:38:38,382243083,525022738,2013-02-11 02:37:53,2017-08-21 15:38:38,382243083,525022738,58,1,2,3107382,1,0,0,0,0,0,0,-1,-1,-1,0.0,0,0,0,,0.0006137,0.0002477,-0.0002477,-0.296,0.2272,-0.2258,0.419,0.1953,-0.1941,0.0001056,0.0001599,-0.0001056,5.495e-05,0.0001165,-5.495e-05,0.0002736,0.0001657,-0.0001657,47,17.0,9.0,21.0,25.9,13.4,7.11,11.6,4.16,4.16,4.16,4.16,0.001292,0.0005444,0.0004089,0.0007403,0.0006137,0.0002477,-0.0002477,0.007788,0.007481,-0.004575,5.495e-05,0.0001165,-5.495e-05,0.0002736,0.0001657,-0.0001657,8.17e+20,0.105,0.0014,0.43,0.899,,,0.224,0.224,0.224,0.224,,,0.0,0.0,4.363e-11,4.902e-11,2.678e-14,1.081e-14,-1.081e-14,3.009e-14,1.2144e-14,-1.2144e-14,2.184e-11,2.706e-11,1.341e-14,5.4117e-15,-5.4117e-15,1.661e-14,6.704e-15,-6.704e-15,2.678e-14,1.081e-14,-1.081e-14,3.0085e-14,1.2144e-14,-1.2144e-14,1.3407e-14,5.412e-15,-5.4117e-15,1.6608e-14,6.704e-15,-6.704e-15,4.363e-11,4.902e-11,2.678e-14,1.081e-14,-1.081e-14,3.009e-14,1.2144e-14,-1.2144e-14,2.184e-11,2.706e-11,1.341e-14,5.4117e-15,-5.4117e-15,1.661e-14,6.704e-15,-6.704e-15,,,,,,,,,,,,,,,,,,,,,,,,,,,,,0.0,0.0,,,,,,,,,,,,,,,,,,,,,,,,,,,,,,,,,,,0,11,0,0,0,0,0,0,0,0,0,0,1,1,0,0,1,47Tuc,2SXPS,2.678e-14,2SXPS
45285,2SXPS J002148.9-721033,5.45382,-72.17593,5.4,1,306.1176,-44.76864,11.17,8.1,151.91,151.91,53753,2013-02-11 02:37:53,2017-08-21 15:38:38,382243083,525022738,2013-02-11 02:37:53,2017-08-21 15:38:38,382243083,525022738,2013-02-11 02:37:53,2017-08-21 15:38:38,382243083,525022738,52,1,1,3107378,1,0,0,0,0,0,0,-1,-1,-1,0.0,0,0,0,,0.001336,0.0006133,-0.0006133,-0.18,0.1836,-0.2711,0.372,0.2037,-0.1726,0.000187,0.0003708,-0.000187,0.0002471,0.0002862,-0.0002471,0.000646,0.0004209,-0.0004209,38,12.0,8.0,18.0,21.2,9.65,4.9,9.89,11.1,11.1,11.1,11.1,0.003019,0.001258,0.001165,0.001855,0.001336,0.0006133,-0.0006133,0.000187,0.0003708,-0.000187,0.0002471,0.0002862,-0.0002471,0.000646,0.0004209,-0.0004209,7.89e+20,0.486,0.977,0.984,0.213,1.0,1.0,0.387,0.387,0.387,0.387,1.0,1.0,0.0,0.0,4.358e-11,4.881e-11,5.821e-14,2.6727e-14,-2.6727e-14,6.52e-14,2.9936e-14,-2.9936e-14,2.186e-11,2.69e-11,2.92e-14,1.3407e-14,-1.3407e-14,3.594e-14,1.6499e-14,-1.6499e-14,5.8212e-14,2.6727e-14,-2.673e-14,6.5201e-14,2.9936e-14,-2.9936e-14,2.9201e-14,1.341e-14,-1.3407e-14,3.5936e-14,1.6499e-14,-1.6499e-14,4.358e-11,4.881e-11,5.821e-14,2.6727e-14,-2.6727e-14,6.52e-14,2.9936e-14,-2.9936e-14,2.186e-11,2.69e-11,2.92e-14,1.3407e-14,-1.3407e-14,3.594e-14,1.6499e-14,-1.6499e-14,,,,,,,,,,,,,,,,,,,,,,,,,,,,,0.01,0.01,,,,,,,,,,,,,,,,,,,,,,,,,,,,,,,,,,,0,12,0,0,0,0,0,0,0,0,0,0,1,1,0,0,1,47Tuc,2SXPS,5.821e-14,2SXPS
67406,2SXPS J002436.5-715124,6.15222,-71.85675,3.2,1,305.88626,-45.11728,11.39,4.7,164.31,164.31,31188,2013-02-11 02:37:53,2017-08-21 15:38:38,382243083,525022738,2013-02-11 02:37:53,2017-08-21 15:38:38,382243083,525022738,2013-02-11 02:37:53,2017-08-21 15:38:38,382243083,525022738,31,1,2,3107367,1,1,1,0,0,0,0,0,0,-1,0.0,0,0,0,,0.002596,0.0007902,-0.0007902,-0.144,0.19,-0.2041,-0.171,0.2184,-0.2419,0.001085,0.0005315,-0.0005315,0.0008944,0.0004423,-0.0004423,0.0003068,0.0004271,-0.0003068,34,15.0,11.0,8.0,11.8,5.71,3.34,5.37,9.51,9.51,9.51,9.51,0.00498,0.002781,0.002412,0.001659,0.007566,0.005842,-0.003935,0.001085,0.0005315,-0.0005315,0.0008944,0.0004423,-0.0004423,0.0003068,0.0004271,-0.0003068,7.82e+20,0.122,0.715,0.0457,0.259,0.522,0.522,0.212,0.212,0.212,0.212,,,0.0,0.0,4.357e-11,4.876e-11,1.131e-13,3.4428e-14,-3.4428e-14,1.266e-13,3.8534e-14,-3.8534e-14,2.186e-11,2.687e-11,5.675e-14,1.7277e-14,-1.7277e-14,6.974e-14,2.1232e-14,-2.1232e-14,3.2962e-13,2.545e-13,-1.714e-13,3.6894e-13,2.8486e-13,-1.919e-13,1.6542e-13,1.277e-13,-8.604e-14,2.0328e-13,1.5695e-13,-1.0573e-13,4.357e-11,4.876e-11,1.131e-13,3.4428e-14,-3.4428e-14,1.266e-13,3.8534e-14,-3.8534e-14,2.186e-11,2.687e-11,5.675e-14,1.7277e-14,-1.7277e-14,6.974e-14,2.1232e-14,-2.1232e-14,,,,,,,,,,,,,,,,,,,,,,,,,,,,,0.71,0.09,,,,,,,,,,,,,,,,,,,,,,,,,,,,,,,,,,,0,0,0,0,0,0,0,0,0,0,0,0,0,0,0,0,0,47Tuc,2SXPS,1.131e-13,2SXPS
90821,2SXPS J002703.9-720351,6.76636,-72.06436,4.1,1,305.5786,-44.93844,11.4,6.1,250.18,250.18,18738,2013-02-11 02:37:53,2017-08-21 15:38:38,382243083,525022738,2013-02-11 02:37:53,2017-08-21 15:38:38,382243083,525022738,2013-02-11 02:37:53,2017-08-21 15:38:38,382243083,525022738,24,1,1,3107387,1,0,0,0,0,0,0,2,-1,-1,0.0,0,0,0,,0.001298,0.00069,-0.00069,0.006,0.2572,-0.2762,-0.598,0.1019,-0.4017,0.000577,0.000455,-0.000455,0.0007031,0.0004346,-0.0004346,0.0,0.0002529,0.0,16,7.0,7.0,2.0,6.98,2.99,2.12,3.76,9.48,9.48,9.48,9.48,0.003392,0.002155,0.002279,0.001108,0.001298,0.00069,-0.00069,0.0002967,0.0001998,-0.0001577,0.0007031,0.0004346,-0.0004346,0.0,0.0002529,0.0,8.13e+20,0.898,0.995,0.806,0.825,,,0.92,0.92,0.92,0.92,1.0,1.0,1.0,0.0,2.637e-11,9.042e-11,3.422e-14,1.8194e-14,-1.8194e-14,1.174e-13,6.2395e-14,-6.2395e-14,2.185e-11,2.704e-11,2.836e-14,1.5075e-14,-1.5075e-14,3.509e-14,1.8656e-14,-1.8656e-14,3.4222e-14,1.8194e-14,-1.819e-14,1.1736e-13,6.2395e-14,-6.2395e-14,2.8356e-14,1.508e-14,-1.5075e-14,3.5091e-14,1.8656e-14,-1.8656e-14,4.363e-11,4.899e-11,5.662e-14,3.0103e-14,-3.0103e-14,6.358e-14,3.3802e-14,-3.3802e-14,2.185e-11,2.704e-11,2.836e-14,1.5075e-14,-1.5075e-14,3.509e-14,1.8656e-14,-1.8656e-14,2.637e-11,9.042e-11,2.734e+21,2.6364e+21,1.0,3.29,-1.0,-0.46898,3.422e-14,1.8194e-14,-1.8194e-14,1.174e-13,6.2395e-14,-6.2395e-14,,,,,,,,,,,,,,,1.0,0.82,,,,,,,,,,,,,,,,,,,,,,,,,,,,,,,,,,,0,13,0,0,0,0,0,0,0,0,0,0,1,1,0,0,1,47Tuc,2SXPS,3.422e-14,2SXPS
172142,2SXPS J002449.2-715849,6.20533,-71.98049,6.1,1,305.83751,-44.99729,3.99,8.3,28.08,28.08,168006,2013-02-11 02:37:53,2017-08-21 15:38:38,382243083,525022738,2013-02-11 02:37:53,2017-08-21 15:38:38,382243083,525022738,2013-08-10 02:49:19,2013-08-10 22:17:47,397795770,397865878,77,1,14,2632851,1,1,1,1,1,0,-1,-1,1,-1,0.0,0,0,0,,0.001348,0.0001383,-0.0001383,0.191,0.089,-0.0971,-0.254,0.0902,-0.0981,0.0003755,8.141e-05,-8.141e-05,0.0006171,8.402e-05,-8.402e-05,0.0003272,7.555e-05,-7.555e-05,251,81.0,100.0,70.0,75.0,32.0,19.7,27.3,1.46,1.46,1.46,1.46,0.001763,0.0006035,0.0008684,0.0005408,0.004672,0.001596,-0.001334,0.002289,0.001176,-0.0009119,0.002484,0.001136,-0.0008806,0.00292,0.001934,-0.001376,7.93e+20,0.464,0.755,0.77,0.275,0.54,1.0,0.0953,0.0953,0.0952,0.0953,0.45,1.0,1.0,1.0,3.66e-11,4.958e-11,4.934e-14,5.0611e-15,-5.0611e-15,6.684e-14,6.8571e-15,-6.8571e-15,3.635e-11,3.71e-11,4.901e-14,5.0275e-15,-5.0275e-15,5.001e-14,5.13e-15,-5.13e-15,1.7099e-13,5.8405e-14,-4.882e-14,2.3167e-13,7.9131e-14,-6.6151e-14,1.6986e-13,5.802e-14,-4.85e-14,1.7332e-13,5.92e-14,-4.9489e-14,4.358e-11,4.883e-11,5.875e-14,6.0271e-15,-6.0271e-15,6.583e-14,6.753e-15,-6.753e-15,2.186e-11,2.692e-11,2.946e-14,3.0227e-15,-3.0227e-15,3.629e-14,3.7225e-15,-3.7225e-15,3.66e-11,4.958e-11,1.507e+21,7.9291e+20,-7.1277e+20,2.095,0.31771,-0.2632,4.934e-14,5.0611e-15,-5.0611e-15,6.684e-14,6.8571e-15,-6.8571e-15,3.635e-11,3.71e-11,1.107e+20,5.3574e+20,1.0,4.027,1.6296,1.0,4.901e-14,5.0275e-15,-5.0275e-15,5.001e-14,5.13e-15,-5.13e-15,1.0,1.0,,,,,,,,,,,,,,,,,,,,,,,,,,,,,,,,,,,0,13,1,0,0,0,0,0,0,0,0,0,1,1,1,0,1,47Tuc,2SXPS,4.934e-14,2SXPS
175187,2SXPS J002449.4-721226,6.20599,-72.20749,3.6,1,305.79059,-44.77275,7.66,4.2,14.67,14.67,151166,2013-02-11 02:37:53,2017-08-21 15:38:38,382243083,525022738,2013-02-11 02:37:53,2017-08-21 15:38:38,382243083,525022738,2017-03-16 17:19:10,2017-03-16 21:00:38,511377569,511390857,77,1,44,2725589,0,1,1,1,0,0,0,0,0,-1,0.0,0,0,1,15175,0.0003421,0.0004193,-0.0003421,-0.104,0.0686,-0.0697,-0.088,0.07,-0.073,0.001005,0.0002563,-0.0002563,0.0007092,0.0002396,-0.0002396,0.00104,0.0001775,-0.0001775,1204,501.0,428.0,274.0,1160.0,384.0,346.0,153.0,1.64,1.64,1.64,1.64,0.0016,0.001774,0.001264,0.001573,0.01805,0.008022,-0.006214,0.0216,0.01573,-0.01059,0.01043,0.00635,-0.004519,0.007505,0.005621,-0.003785,8.1e+20,0.0,0.0,8.99e-15,0.089,1.0,1.0,0.0,0.0,0.0,0.0,1.0,1.0,0.0,0.0,4.362e-11,4.896e-11,1.492e-14,1.8288e-14,-1.4922e-14,1.675e-14,2.0529e-14,-1.6751e-14,2.185e-11,2.702e-11,7.474e-15,9.1602e-15,-7.4744e-15,9.243e-15,1.1328e-14,-9.2433e-15,7.8723e-13,3.4991e-13,-2.71e-13,8.837e-13,3.9278e-13,-3.0425e-13,3.9431e-13,1.753e-13,-1.3576e-13,4.8763e-13,2.1674e-13,-1.6789e-13,4.362e-11,4.896e-11,1.492e-14,1.8288e-14,-1.4922e-14,1.675e-14,2.0529e-14,-1.6751e-14,2.185e-11,2.702e-11,7.474e-15,9.1602e-15,-7.4744e-15,9.243e-15,1.1328e-14,-9.2433e-15,,,,,,,,,,,,,,,,,,,,,,,,,,,,,0.01,0.0,,,,,,,,,,,,,,,,,,,,,,,,,,,,,,,,,,,0,9,6,1,1,0,0,0,0,0,0,0,1,1,0,0,0,47Tuc,2SXPS,1.492e-14,2SXPS
199173,2SXPS J002925.8-713053,7.35762,-71.51476,6.0,0,305.41799,-45.50711,11.38,8.2,151.62,350.64,17416,2005-03-26 10:50:02,2005-04-01 13:30:54,133527001,134055053,2005-04-01 00:15:54,2005-04-01 13:30:54,134007353,134055053,2005-04-01 00:15:54,2005-04-01 13:30:54,134007353,134055053,4,1,1,2825146,0,0,0,0,1,0,1,1,-1,-1,0.0,0,0,0,,0.0006172,0.0005394,-0.0005394,-0.827,0.0391,-0.1734,0.49,0.5095,-0.1428,0.0005825,0.0004577,-0.0004577,1.487e-05,0.0001401,-1.487e-05,0.0001665,0.0002238,-0.0001665,32,24.0,2.0,6.0,23.5,16.0,1.79,3.68,3.14,3.14,3.29,3.29,0.001998,0.001811,0.0006106,0.0009265,0.01246,0.00618,-0.00487,0.0109,0.005805,-0.004498,1.487e-05,0.0001401,-1.487e-05,0.0001665,0.0002238,-0.0001665,7.2e+20,4.43e-06,0.00184,0.852,0.533,1.0,0.0104,0.000459,0.00147,0.748,0.748,,,0.0,0.0,4.509e-11,5.014e-11,2.783e-14,2.4325e-14,-2.4325e-14,3.095e-14,2.7049e-14,-2.7049e-14,2.298e-11,2.786e-11,1.418e-14,1.2398e-14,-1.2398e-14,1.719e-14,1.5029e-14,-1.5029e-14,5.6203e-13,2.7867e-13,-2.196e-13,6.2496e-13,3.0987e-13,-2.4419e-13,2.8647e-13,1.42e-13,-1.1193e-13,3.4724e-13,1.7217e-13,-1.3568e-13,4.509e-11,5.014e-11,2.783e-14,2.4325e-14,-2.4325e-14,3.095e-14,2.7049e-14,-2.7049e-14,2.298e-11,2.786e-11,1.418e-14,1.2398e-14,-1.2398e-14,1.719e-14,1.5029e-14,-1.5029e-14,,,,,,,,,,,,,,,,,,,,,,,,,,,,,0.0,0.0,,,,,,,,,,,,,,,,,,,,,,,,,,,,,,,,,,,0,3,0,0,0,0,0,0,0,0,0,0,0,1,0,0,0,47Tuc,2SXPS,2.783e-14,2SXPS
